"SERIE","PESO","GDP","DIAS","PGAN","PPIE","MONTO","FECHA","DIFDIA"
"2857M","430","0","42","0","575","270900","1995-10-06 00:00:00","42"
"2852M","452","0","42","0","575","284760","1995-10-06 00:00:00","42"
"3814M","450","-1.667","42","-70","575","283500","1995-10-06 00:00:00","42"
"2859M","520","0","41","0","575","327600","1995-10-05 00:00:00","41"
"3829M","510","0","41","0","575","321300","1995-10-05 00:00:00","41"
"2832M","390","0","41","0","575","245700","1995-10-05 00:00:00","41"
"2847M","448","0","41","0","575","282240","1995-10-05 00:00:00","41"
"3826M","440","0","1","0","140","277200","1995-08-26 00:00:00","1"
"3825M","484","0","1","0","140","304920","1995-08-26 00:00:00","1"
"3853M","458","0","1","0","140","288540","1995-08-26 00:00:00","1"
"3817M","568","3.931","29","114","140","357840","1995-11-03 00:00:00","29"
"3818M","422","0","1","0","140","265860","1995-08-26 00:00:00","1"
"3818M","430","0.116","69","8","140","270900","1995-11-03 00:00:00","69"
"3820M","314","0","1","0","140","197820","1995-08-26 00:00:00","1"
"3820M","320","0.087","69","6","140","201600","1995-11-03 00:00:00","69"
"3821M","424","0","1","0","140","267120","1995-08-26 00:00:00","1"
"3821M","440","0.232","69","16","140","277200","1995-11-03 00:00:00","69"
"3823M","418","0","1","0","140","263340","1995-08-26 00:00:00","1"
"3823M","442","0.348","69","24","140","278460","1995-11-03 00:00:00","69"
"3826M","480","0.58","69","40","140","302400","1995-11-03 00:00:00","69"
"3825M","480","-0.058","69","-4","140","302400","1995-11-03 00:00:00","69"
"3827M","390","0","1","0","140","245700","1995-08-26 00:00:00","1"
"3827M","420","0.435","69","30","140","264600","1995-11-03 00:00:00","69"
"3831M","432","0","1","0","140","272160","1995-08-26 00:00:00","1"
"3831M","446","0.203","69","14","140","280980","1995-11-03 00:00:00","69"
"3834M","340","0","1","0","140","214200","1995-08-26 00:00:00","1"
"3834M","368","0.406","69","28","140","231840","1995-11-03 00:00:00","69"
"3835M","446","0","1","0","140","280980","1995-08-26 00:00:00","1"
"3835M","448","0.029","69","2","140","282240","1995-11-03 00:00:00","69"
"3836M","354","0","1","0","140","223020","1995-08-26 00:00:00","1"
"3836M","380","0.377","69","26","140","239400","1995-11-03 00:00:00","69"
"3838M","428","0","1","0","140","269640","1995-08-26 00:00:00","1"
"3838M","436","0.116","69","8","140","274680","1995-11-03 00:00:00","69"
"3839M","462","0","1","0","140","291060","1995-08-26 00:00:00","1"
"3839M","450","-0.174","69","-12","140","283500","1995-11-03 00:00:00","69"
"3842M","390","0","1","0","140","245700","1995-08-26 00:00:00","1"
"3842M","418","0.406","69","28","140","263340","1995-11-03 00:00:00","69"
"3843M","346","0","1","0","140","217980","1995-08-26 00:00:00","1"
"3843M","370","0.348","69","24","140","233100","1995-11-03 00:00:00","69"
"3845M","370","0","1","0","140","233100","1995-08-26 00:00:00","1"
"3845M","396","0.377","69","26","140","249480","1995-11-03 00:00:00","69"
"3847M","390","0","1","0","140","245700","1995-08-26 00:00:00","1"
"3847M","422","0.464","69","32","140","265860","1995-11-03 00:00:00","69"
"3848M","416","0","1","0","140","262080","1995-08-26 00:00:00","1"
"3848M","438","0.319","69","22","140","275940","1995-11-03 00:00:00","69"
"3849M","362","0","1","0","140","228060","1995-08-26 00:00:00","1"
"3849M","396","0.493","69","34","140","249480","1995-11-03 00:00:00","69"
"3850","410","29.333","3","88","140","258300","1995-08-26 00:00:00","3"
"3850","410","0","69","0","140","258300","1995-11-03 00:00:00","69"
"3851M","362","0","1","0","140","228060","1995-08-26 00:00:00","1"
"3851M","386","0.348","69","24","140","243180","1995-11-03 00:00:00","69"
"3852M","398","0","1","0","140","250740","1995-08-26 00:00:00","1"
"3852M","426","0.406","69","28","140","268380","1995-11-03 00:00:00","69"
"3854M","394","0","1","0","140","248220","1995-08-26 00:00:00","1"
"3854M","450","0.812","69","56","140","283500","1995-11-03 00:00:00","69"
"3855M","394","0","1","0","140","248220","1995-08-26 00:00:00","1"
"3855M","460","0.957","69","66","140","289800","1995-11-03 00:00:00","69"
"3856","380","17.333","3","52","140","239400","1995-08-26 00:00:00","3"
"3856","390","0.145","69","10","140","245700","1995-11-03 00:00:00","69"
"3857M","390","0","1","0","140","245700","1995-08-26 00:00:00","1"
"3857M","410","0.29","69","20","140","258300","1995-11-03 00:00:00","69"
"3858M","398","0","1","0","140","250740","1995-08-26 00:00:00","1"
"3858M","426","0.406","69","28","140","268380","1995-11-03 00:00:00","69"
"3859M","358","0","1","0","140","225540","1995-08-26 00:00:00","1"
"3859M","366","0.116","69","8","140","230580","1995-11-03 00:00:00","69"
"3860","390","26.667","3","80","140","245700","1995-08-26 00:00:00","3"
"3860","426","0.522","69","36","140","268380","1995-11-03 00:00:00","69"
"3861M","464","0","1","0","140","292320","1995-08-26 00:00:00","1"
"3861M","454","-0.145","69","-10","140","286020","1995-11-03 00:00:00","69"
"3862M","350","0","1","0","140","220500","1995-08-26 00:00:00","1"
"3862M","390","0.58","69","40","140","245700","1995-11-03 00:00:00","69"
"3864M","420","0","1","0","140","264600","1995-08-26 00:00:00","1"
"3864M","450","0.435","69","30","140","283500","1995-11-03 00:00:00","69"
"3867M","364","0","1","0","140","229320","1995-08-26 00:00:00","1"
"3867M","416","0.754","69","52","140","262080","1995-11-03 00:00:00","69"
"3868M","350","0","1","0","140","220500","1995-08-26 00:00:00","1"
"3868M","400","0.725","69","50","140","252000","1995-11-03 00:00:00","69"
"4805M","390","0","1","0","140","245700","1995-08-26 00:00:00","1"
"4805M","440","0.725","69","50","140","277200","1995-11-03 00:00:00","69"
"3853M","472","0.203","69","14","140","297360","1995-11-03 00:00:00","69"
"3857","484","1.217","143","174","300","304920","1996-01-13 00:00:00","143"
"3857M","484","1.057","70","74","300","304920","1996-01-12 00:00:00","70"
"3856","460","1","70","70","300","289800","1996-01-12 00:00:00","70"
"3826M","524","0.629","70","44","300","330120","1996-01-12 00:00:00","70"
"3820M","400","1.143","70","80","300","252000","1996-01-12 00:00:00","70"
"3868M","486","1.229","70","86","300","306180","1996-01-12 00:00:00","70"
"3858M","490","0.914","70","64","300","308700","1996-01-12 00:00:00","70"
"3860M","470","0.571","140","80","300","296100","1996-01-12 00:00:00","140"
"3856M","460","0.571","140","80","300","289800","1996-01-12 00:00:00","140"
"3849M","464","0.971","70","68","300","292320","1996-01-12 00:00:00","70"
"3855M","510","0.714","70","50","300","321300","1996-01-12 00:00:00","70"
"3862M","450","0.857","70","60","300","283500","1996-01-12 00:00:00","70"
"3863M","520","1.171","70","82","300","327600","1996-01-12 00:00:00","70"
"3818M","640","3","70","210","300","403200","1996-01-12 00:00:00","70"
"3854M","510","0.857","70","60","300","321300","1996-01-12 00:00:00","70"
"3836M","450","1","70","70","300","283500","1996-01-12 00:00:00","70"
"3839M","520","1","70","70","300","327600","1996-01-12 00:00:00","70"
"3825M","546","0.943","70","66","300","343980","1996-01-12 00:00:00","70"
"3847M","470","0.686","70","48","300","296100","1996-01-12 00:00:00","70"
"3852M","520","1.343","70","94","300","327600","1996-01-12 00:00:00","70"
"3861M","534","1.143","70","80","300","336420","1996-01-12 00:00:00","70"
"3848M","510","1.029","70","72","300","321300","1996-01-12 00:00:00","70"
"3831M","500","0.771","70","54","300","315000","1996-01-12 00:00:00","70"
"3845M","470","1.057","70","74","300","296100","1996-01-12 00:00:00","70"
"3838M","520","1.2","70","84","300","327600","1996-01-12 00:00:00","70"
"3853M","530","0.829","70","58","300","333900","1996-01-12 00:00:00","70"
"4840M","436","0.8","140","112","300","274680","1996-01-12 00:00:00","140"
"3834M","436","0.971","70","68","300","274680","1996-01-12 00:00:00","70"
"3859M","420","0.771","70","54","300","264600","1996-01-12 00:00:00","70"
"3850M","500","0.643","140","90","300","315000","1996-01-12 00:00:00","140"
"3843M","380","0.143","70","10","300","239400","1996-01-12 00:00:00","70"
"3842M","490","1.029","70","72","300","308700","1996-01-12 00:00:00","70"
"3867M","490","1.057","70","74","300","308700","1996-01-12 00:00:00","70"
"3835M","490","0.6","70","42","300","308700","1996-01-12 00:00:00","70"
"3851M","440","0.771","70","54","300","277200","1996-01-12 00:00:00","70"
"3823M","520","1.114","70","78","300","327600","1996-01-12 00:00:00","70"
"3827M","484","0.914","70","64","300","304920","1996-01-12 00:00:00","70"
"3821M","490","0.714","70","50","300","308700","1996-01-12 00:00:00","70"
"3864M","520","1","70","70","300","327600","1996-01-12 00:00:00","70"
"3865M","430","0.053","187","10","300","270900","1996-02-28 00:00:00","187"
"3845M","472","0.043","47","2","300","297360","1996-02-28 00:00:00","47"
"3862","480","0.91","189","172","300","302400","1996-02-28 00:00:00","189"
"3862M","480","0.638","47","30","300","302400","1996-02-28 00:00:00","47"
"4849M","410","0.882","34","30","300","258300","1996-02-28 00:00:00","34"
"4811M","400","0.412","34","14","300","252000","1996-02-28 00:00:00","34"
"3842M","508","0.383","47","18","300","320040","1996-02-28 00:00:00","47"
"3831M","548","1.021","47","48","300","345240","1996-02-28 00:00:00","47"
"3820M","410","0.213","47","10","300","258300","1996-02-28 00:00:00","47"
"3843M","414","0.723","47","34","300","260820","1996-02-28 00:00:00","47"
"4838M","420","0.882","34","30","300","264600","1996-02-28 00:00:00","34"
"4824M","478","0.941","34","32","300","301140","1996-02-28 00:00:00","34"
"3836M","450","0","47","0","300","283500","1996-02-28 00:00:00","47"
"3860M","496","0.553","47","26","300","312480","1996-02-28 00:00:00","47"
"3847M","482","0.255","47","12","300","303660","1996-02-28 00:00:00","47"
"3834M","444","0.17","47","8","300","279720","1996-02-28 00:00:00","47"
"4819M","430","1.294","34","44","300","270900","1996-02-28 00:00:00","34"
"4823M","400","-0.353","34","-12","300","252000","1996-02-28 00:00:00","34"
"3849M","476","0.255","47","12","300","299880","1996-02-28 00:00:00","47"
"3864M","544","0.511","47","24","300","342720","1996-02-28 00:00:00","47"
"4825M","444","1","34","34","300","279720","1996-02-28 00:00:00","34"
"4862M","446","1.059","34","36","300","280980","1996-02-28 00:00:00","34"
"4842M","430","1","34","34","300","270900","1996-02-28 00:00:00","34"
"4832M","410","0.882","34","30","300","258300","1996-02-28 00:00:00","34"
"4826M","460","1.118","34","38","300","289800","1996-02-28 00:00:00","34"
"4813M","408","0.824","34","28","300","257040","1996-02-28 00:00:00","34"
"3855M","528","0.383","47","18","300","332640","1996-02-28 00:00:00","47"
"4827M","450","1.176","34","40","300","283500","1996-02-28 00:00:00","34"
"3851M","460","0.426","47","20","300","289800","1996-02-28 00:00:00","47"
"4864M","420","1.176","34","40","300","264600","1996-02-28 00:00:00","34"
"4828M","428","1","34","34","300","269640","1996-02-28 00:00:00","34"
"3859M","450","0.638","47","30","300","283500","1996-02-28 00:00:00","47"
"4816M","426","1","34","34","300","268380","1996-02-28 00:00:00","34"
"3861M","522","-0.255","47","-12","300","328860","1996-02-28 00:00:00","47"
"4801M","430","1.118","34","38","300","270900","1996-02-28 00:00:00","34"
"4840M","450","0.298","47","14","300","283500","1996-02-28 00:00:00","47"
"3827M","504","0.426","47","20","300","317520","1996-02-28 00:00:00","47"
"4818M","446","0.882","34","30","300","280980","1996-02-28 00:00:00","34"
"4846M","424","1.294","34","44","300","267120","1996-02-28 00:00:00","34"
"4803M","480","0.652","46","30","300","302400","1996-02-28 00:00:00","46"
"3827M","522","0.818","22","18","300","328860","1996-03-21 00:00:00","22"
"3831M","566","0.818","22","18","300","356580","1996-03-21 00:00:00","22"
"3842M","528","0.909","22","20","300","332640","1996-03-21 00:00:00","22"
"3861M","562","1.818","22","40","300","354060","1996-03-21 00:00:00","22"
"3864M","562","0.818","22","18","300","354060","1996-03-21 00:00:00","22"
"3003M","436","0.492","118","58","300","274680","1996-05-22 00:00:00","118"
"3021M","400","0.347","118","41","300","252000","1996-05-22 00:00:00","118"
"3026M","460","0.797","118","94","300","289800","1996-05-22 00:00:00","118"
"3028M","404","0.508","118","60","300","254520","1996-05-22 00:00:00","118"
"3045M","518","0.661","118","78","300","326340","1996-05-22 00:00:00","118"
"3051M","444","0.839","118","99","300","279720","1996-05-22 00:00:00","118"
"3063M","380","0.593","118","70","300","239400","1996-05-22 00:00:00","118"
"3066M","428","0.619","118","73","300","269640","1996-05-22 00:00:00","118"
"3067M","440","0.593","118","70","300","277200","1996-05-22 00:00:00","118"
"3075M","400","0.381","118","45","300","252000","1996-05-22 00:00:00","118"
"3079M","434","0.712","118","84","300","273420","1996-05-22 00:00:00","118"
"3087M","470","1.314","118","155","300","296100","1996-05-22 00:00:00","118"
"3089M","418","0.483","118","57","300","263340","1996-05-22 00:00:00","118"
"3091M","472","0.856","118","101","300","297360","1996-05-22 00:00:00","118"
"3097M","406","0.466","118","55","300","255780","1996-05-22 00:00:00","118"
"3100M","422","0.568","118","67","300","265860","1996-05-22 00:00:00","118"
"3110M","434","0.771","118","91","300","273420","1996-05-22 00:00:00","118"
"3111M","434","0.585","118","69","300","273420","1996-05-22 00:00:00","118"
"3125M","390","0.593","118","70","300","245700","1996-05-22 00:00:00","118"
"3127M","426","0.441","118","52","300","268380","1996-05-22 00:00:00","118"
"3132M","412","0.678","118","80","300","259560","1996-05-22 00:00:00","118"
"3134M","412","0.644","118","76","300","259560","1996-05-22 00:00:00","118"
"3139M","460","0.653","118","77","300","289800","1996-05-22 00:00:00","118"
"3142M","436","0.39","118","46","300","274680","1996-05-22 00:00:00","118"
"3148M","440","0.636","118","75","300","277200","1996-05-22 00:00:00","118"
"3165M","420","0.314","118","37","300","264600","1996-05-22 00:00:00","118"
"3177M","440","0.695","118","82","300","277200","1996-05-22 00:00:00","118"
"3179M","400","0.568","118","67","300","252000","1996-05-22 00:00:00","118"
"3183M","400","0.568","118","67","300","252000","1996-05-22 00:00:00","118"
"3190M","436","0.89","118","105","300","274680","1996-05-22 00:00:00","118"
"3193M","414","0.568","118","67","300","260820","1996-05-22 00:00:00","118"
"3212M","400","0.669","118","79","300","252000","1996-05-22 00:00:00","118"
"3268M","440","0.754","118","89","300","277200","1996-05-22 00:00:00","118"
"3271M","416","0.432","118","51","300","262080","1996-05-22 00:00:00","118"
"3276M","408","0.619","118","73","300","257040","1996-05-22 00:00:00","118"
"3603M","440","0.339","118","40","300","277200","1996-05-22 00:00:00","118"
"3629M","482","0.432","118","51","300","303660","1996-05-22 00:00:00","118"
"3630M","440","0.534","118","63","300","277200","1996-05-22 00:00:00","118"
"3667M","436","0.678","118","80","300","274680","1996-05-22 00:00:00","118"
"3820M","398","-0.143","84","-12","300","250740","1996-05-22 00:00:00","84"
"3834M","486","0.5","84","42","300","306180","1996-05-22 00:00:00","84"
"3836M","484","0.405","84","34","300","304920","1996-05-22 00:00:00","84"
"3843M","440","0.31","84","26","300","277200","1996-05-22 00:00:00","84"
"3845M","498","0.31","84","26","300","313740","1996-05-22 00:00:00","84"
"3847M","522","0.476","84","40","300","328860","1996-05-22 00:00:00","84"
"3849M","496","0.238","84","20","300","312480","1996-05-22 00:00:00","84"
"3851M","492","0.381","84","32","300","309960","1996-05-22 00:00:00","84"
"3855M","568","0.476","84","40","300","357840","1996-05-22 00:00:00","84"
"3859M","494","0.524","84","44","300","311220","1996-05-22 00:00:00","84"
"3860M","526","0.357","84","30","300","331380","1996-05-22 00:00:00","84"
"3862M","518","0.452","84","38","300","326340","1996-05-22 00:00:00","84"
"3865M","460","0.357","84","30","300","289800","1996-05-22 00:00:00","84"
"4801M","446","0.19","84","16","300","280980","1996-05-22 00:00:00","84"
"4803M","492","0.143","84","12","300","309960","1996-05-22 00:00:00","84"
"4807M","474","0.167","84","14","300","298620","1996-05-22 00:00:00","84"
"4811M","418","0.214","84","18","300","263340","1996-05-22 00:00:00","84"
"4813M","444","0.429","84","36","300","279720","1996-05-22 00:00:00","84"
"4816M","476","0.595","84","50","300","299880","1996-05-22 00:00:00","84"
"4818M","482","0.429","84","36","300","303660","1996-05-22 00:00:00","84"
"4819M","444","0.167","84","14","300","279720","1996-05-22 00:00:00","84"
"4823M","444","0.524","84","44","300","279720","1996-05-22 00:00:00","84"
"4825M","484","0.476","84","40","300","304920","1996-05-22 00:00:00","84"
"4826M","490","0.357","84","30","300","308700","1996-05-22 00:00:00","84"
"4827M","498","0.571","84","48","300","313740","1996-05-22 00:00:00","84"
"4828M","474","0.548","84","46","300","298620","1996-05-22 00:00:00","84"
"4832M","448","0.452","84","38","300","282240","1996-05-22 00:00:00","84"
"4838M","446","0.31","84","26","300","280980","1996-05-22 00:00:00","84"
"4840M","484","0.405","84","34","300","304920","1996-05-22 00:00:00","84"
"4842M","470","0.476","84","40","300","296100","1996-05-22 00:00:00","84"
"4846M","458","0.405","84","34","300","288540","1996-05-22 00:00:00","84"
"4849M","454","0.524","84","44","300","286020","1996-05-22 00:00:00","84"
"4862M","486","0.476","84","40","300","306180","1996-05-22 00:00:00","84"
"4864M","446","0.31","84","26","300","280980","1996-05-22 00:00:00","84"
"D8106","188","0","0","0","440","0","1996-06-17 00:00:00","0"
"D8111","144","0","0","0","440","0","1996-06-17 00:00:00","0"
"D8115","152","0","0","0","440","0","1996-06-17 00:00:00","0"
"D8116","170","0","0","0","440","0","1996-06-17 00:00:00","0"
"D8117","230","0","0","0","440","0","1996-06-17 00:00:00","0"
"D8120","164","0","0","0","440","0","1996-06-17 00:00:00","0"
"D8121","160","0","0","0","440","0","1996-06-17 00:00:00","0"
"D8122","170","0","0","0","440","0","1996-06-17 00:00:00","0"
"D8129","198","0","0","0","440","0","1996-06-17 00:00:00","0"
"3851M","520","1","28","28","440","327600","1996-06-19 00:00:00","28"
"4824M","550","0.643","112","72","440","346500","1996-06-19 00:00:00","112"
"3612M","574","1.929","28","54","440","361620","1996-06-19 00:00:00","28"
"3855M","590","0.786","28","22","440","371700","1996-06-19 00:00:00","28"
"4840M","498","0.5","28","14","440","313740","1996-06-19 00:00:00","28"
"4803M","548","2","28","56","440","345240","1996-06-19 00:00:00","28"
"4807M","500","0.929","28","26","440","315000","1996-06-19 00:00:00","28"
"4827M","518","0.714","28","20","440","326340","1996-06-19 00:00:00","28"
"4825M","522","1.357","28","38","440","328860","1996-06-19 00:00:00","28"
"3847M","568","1.643","28","46","440","357840","1996-06-19 00:00:00","28"
"3860M","566","1.429","28","40","440","356580","1996-06-19 00:00:00","28"
"3834M","506","0.714","28","20","440","318780","1996-06-19 00:00:00","28"
"3045M","558","1.429","28","40","440","351540","1996-06-19 00:00:00","28"
"3862M","542","0.857","28","24","440","341460","1996-06-19 00:00:00","28"
"3092M","562","2.214","28","62","440","354060","1996-06-19 00:00:00","28"
"3845M","512","0.5","28","14","440","322560","1996-06-19 00:00:00","28"
"3859M","530","1.286","28","36","440","333900","1996-06-19 00:00:00","28"
"3849M","514","0.643","28","18","440","323820","1996-06-19 00:00:00","28"
"3091M","498","0.722","36","26","440","313740","1996-06-27 00:00:00","36"
"4839M","460","0.61","154","94","440","289800","1996-06-27 00:00:00","154"
"4831M","420","0.481","154","74","440","264600","1996-06-27 00:00:00","154"
"4838M","470","0.667","36","24","440","296100","1996-06-27 00:00:00","36"
"4846M","504","1.278","36","46","440","317520","1996-06-27 00:00:00","36"
"3100M","450","0.778","36","28","440","283500","1996-06-27 00:00:00","36"
"3003M","460","0.667","36","24","440","289800","1996-06-27 00:00:00","36"
"4864M","470","0.667","36","24","440","296100","1996-06-27 00:00:00","36"
"4870M","440","0.649","154","100","440","277200","1996-06-27 00:00:00","154"
"3212M","444","1.222","36","44","440","279720","1996-06-27 00:00:00","36"
"3268M","476","1","36","36","440","299880","1996-06-27 00:00:00","36"
"4823M","476","0.889","36","32","440","299880","1996-06-27 00:00:00","36"
"4802M","454","0.468","154","72","440","286020","1996-06-27 00:00:00","154"
"3865M","480","0.556","36","20","440","302400","1996-06-27 00:00:00","36"
"3603M","470","0.833","36","30","440","296100","1996-06-27 00:00:00","36"
"3139M","476","0.444","36","16","440","299880","1996-06-27 00:00:00","36"
"4828M","360","-3.167","36","-114","440","226800","1996-06-27 00:00:00","36"
"3177M","470","0.833","36","30","440","296100","1996-06-27 00:00:00","36"
"4801M","494","1.333","36","48","440","311220","1996-06-27 00:00:00","36"
"4830M","420","0.442","154","68","440","264600","1996-06-27 00:00:00","154"
"3630M","462","0.611","36","22","440","291060","1996-06-27 00:00:00","36"
"3271M","462","1.278","36","46","440","291060","1996-06-27 00:00:00","36"
"4832M","466","0.5","36","18","440","293580","1996-06-27 00:00:00","36"
"4813M","472","0.778","36","28","440","297360","1996-06-27 00:00:00","36"
"4812M","462","0.532","154","82","440","291060","1996-06-27 00:00:00","154"
"4821M","438","0.338","154","52","440","275940","1996-06-27 00:00:00","154"
"4849M","464","0.278","36","10","440","292320","1996-06-27 00:00:00","36"
"4811M","464","1.278","36","46","440","292320","1996-06-27 00:00:00","36"
"3667M","468","0.889","36","32","440","294840","1996-06-27 00:00:00","36"
"4837M","410","0.429","154","66","440","258300","1996-06-27 00:00:00","154"
"3629M","520","1.056","36","38","440","327600","1996-06-27 00:00:00","36"
"3034M","382","1.333","36","48","440","240660","1996-06-27 00:00:00","36"
"3075M","462","1.722","36","62","440","291060","1996-06-27 00:00:00","36"
"4851M","434","0.623","154","96","440","273420","1996-06-27 00:00:00","154"
"4826M","506","0.444","36","16","440","318780","1996-06-27 00:00:00","36"
"3179M","434","0.944","36","34","440","273420","1996-06-27 00:00:00","36"
"4816M","504","0.778","36","28","440","317520","1996-06-27 00:00:00","36"
"3843M","440","0","36","0","440","277200","1996-06-27 00:00:00","36"
"3087M","520","1.389","36","50","440","327600","1996-06-27 00:00:00","36"
"3026M","482","0.611","36","22","440","303660","1996-06-27 00:00:00","36"
"3165M","450","0.833","36","30","440","283500","1996-06-27 00:00:00","36"
"3110M","462","0.778","36","28","440","291060","1996-06-27 00:00:00","36"
"3079M","462","0.778","36","28","440","291060","1996-06-27 00:00:00","36"
"3142M","472","1","36","36","440","297360","1996-06-27 00:00:00","36"
"3820M","440","1.167","36","42","440","277200","1996-06-27 00:00:00","36"
"3028M","434","0.833","36","30","440","273420","1996-06-27 00:00:00","36"
"4818M","508","0.722","36","26","440","320040","1996-06-27 00:00:00","36"
"4862M","524","1.056","36","38","440","330120","1996-06-27 00:00:00","36"
"3193M","434","0.556","36","20","440","273420","1996-06-27 00:00:00","36"
"3276M","420","0.333","36","12","440","264600","1996-06-27 00:00:00","36"
"4805M","508","0.287","237","68","440","320040","1996-06-27 00:00:00","237"
"3127M","450","0.667","36","24","440","283500","1996-06-27 00:00:00","36"
"4819M","460","0.444","36","16","440","289800","1996-06-27 00:00:00","36"
"3134M","440","0.778","36","28","440","277200","1996-06-27 00:00:00","36"
"3012M","466","0.833","36","30","440","293580","1996-06-27 00:00:00","36"
"3183M","420","0.556","36","20","440","264600","1996-06-27 00:00:00","36"
"4842M","510","1.111","36","40","440","321300","1996-06-27 00:00:00","36"
"3067M","470","0.833","36","30","440","296100","1996-06-27 00:00:00","36"
"3051M","470","0.722","36","26","440","296100","1996-06-27 00:00:00","36"
"3066M","464","1","36","36","440","292320","1996-06-27 00:00:00","36"
"3148M","470","0.833","36","30","440","296100","1996-06-27 00:00:00","36"
"3063M","410","0.833","36","30","440","258300","1996-06-27 00:00:00","36"
"3097M","434","0.778","36","28","440","273420","1996-06-27 00:00:00","36"
"3132M","430","0.5","36","18","440","270900","1996-06-27 00:00:00","36"
"3125M","430","1.111","36","40","440","270900","1996-06-27 00:00:00","36"
"3021M","420","0.556","36","20","440","264600","1996-06-27 00:00:00","36"
"4834M","410","0.195","154","30","440","258300","1996-06-27 00:00:00","154"
"3836M","470","-0.389","36","-14","440","296100","1996-06-27 00:00:00","36"
"3089M","472","1.5","36","54","440","297360","1996-06-27 00:00:00","36"
"3074M","460","1.111","36","40","440","289800","1996-06-27 00:00:00","36"
"3190M","468","0.889","36","32","440","294840","1996-06-27 00:00:00","36"
"3111M","480","1.278","36","46","440","302400","1996-06-27 00:00:00","36"
"4808M","440","0.584","154","90","440","277200","1996-06-27 00:00:00","154"
"4845M","410","0.39","154","60","440","258300","1996-06-27 00:00:00","154"
"3293M","404","0.298","847","252","440","254520","1996-06-27 00:00:00","847"
"3250M","420","0.311","869","270","440","264600","1996-06-27 00:00:00","869"
"3624M","400","0.31","859","266","440","252000","1996-06-27 00:00:00","859"
"3631M","400","0.261","919","240","440","252000","1996-06-27 00:00:00","919"
"3089M","476","0.118","34","4","440","299880","1996-07-31 00:00:00","34"
"3836M","480","0.294","34","10","440","302400","1996-07-31 00:00:00","34"
"3075M","470","0.235","34","8","440","296100","1996-07-31 00:00:00","34"
"3667M","498","0.882","34","30","440","313740","1996-07-31 00:00:00","34"
"3067M","496","0.765","34","26","440","312480","1996-07-31 00:00:00","34"
"3630M","484","0.647","34","22","440","304920","1996-07-31 00:00:00","34"
"4823M","512","1.059","34","36","440","322560","1996-07-31 00:00:00","34"
"3110M","500","1.118","34","38","440","315000","1996-07-31 00:00:00","34"
"3177M","490","0.588","34","20","440","308700","1996-07-31 00:00:00","34"
"4811M","480","0.471","34","16","440","302400","1996-07-31 00:00:00","34"
"4812M","466","0.118","34","4","440","293580","1996-07-31 00:00:00","34"
"3012M","494","0.824","34","28","440","311220","1996-07-31 00:00:00","34"
"3066M","484","0.588","34","20","440","304920","1996-07-31 00:00:00","34"
"3142M","498","0.765","34","26","440","313740","1996-07-31 00:00:00","34"
"3170M","490","0.235","34","8","440","308700","1996-07-31 00:00:00","34"
"4816M","526","0.647","34","22","440","331380","1996-07-31 00:00:00","34"
"4846M","520","0.471","34","16","440","327600","1996-07-31 00:00:00","34"
"3074M","488","0.824","34","28","440","307440","1996-07-31 00:00:00","34"
"4819M","496","1.059","34","36","440","312480","1996-07-31 00:00:00","34"
"3026M","516","1","34","34","440","325080","1996-07-31 00:00:00","34"
"3190M","486","0.529","34","18","440","306180","1996-07-31 00:00:00","34"
"3139M","514","1.118","34","38","440","323820","1996-07-31 00:00:00","34"
"3148M","500","0.882","34","30","440","315000","1996-07-31 00:00:00","34"
"4805M","530","0.647","34","22","440","333900","1996-07-31 00:00:00","34"
"4849M","476","0.353","34","12","440","299880","1996-07-31 00:00:00","34"
"4832M","492","0.765","34","26","440","309960","1996-07-31 00:00:00","34"
"3079M","500","1.118","34","38","440","315000","1996-07-31 00:00:00","34"
"4813M","486","0.412","34","14","440","306180","1996-07-31 00:00:00","34"
"4826M","546","1.176","34","40","440","343980","1996-07-31 00:00:00","34"
"3271M","482","0.588","34","20","440","303660","1996-07-31 00:00:00","34"
"3111M","498","0.529","34","18","440","313740","1996-07-31 00:00:00","34"
"4853M","484","0.873","63","55","440","304920","1996-08-29 00:00:00","63"
"4884M","456","1.206","63","76","440","287280","1996-08-29 00:00:00","63"
"4802M","480","0.413","63","26","440","302400","1996-08-29 00:00:00","63"
"4863M","460","0.794","63","50","440","289800","1996-08-29 00:00:00","63"
"3100M","482","0.508","63","32","440","303660","1996-08-29 00:00:00","63"
"3063M","476","1.048","63","66","440","299880","1996-08-29 00:00:00","63"
"4877M","398","0.794","63","50","440","250740","1996-08-29 00:00:00","63"
"3624M","480","1.27","63","80","440","302400","1996-08-29 00:00:00","63"
"4891M","478","0.825","63","52","440","301140","1996-08-29 00:00:00","63"
"4869M","424","0.794","63","50","440","267120","1996-08-29 00:00:00","63"
"3820M","484","0.698","63","44","440","304920","1996-08-29 00:00:00","63"
"4871M","430","0.317","63","20","440","270900","1996-08-29 00:00:00","63"
"3181M","488","1.079","63","68","440","307440","1996-08-29 00:00:00","63"
"4883M","450","0.794","63","50","440","283500","1996-08-29 00:00:00","63"
"4890M","476","1.079","63","68","440","299880","1996-08-29 00:00:00","63"
"3212M","480","0.571","63","36","440","302400","1996-08-29 00:00:00","63"
"4820M","440","0.571","63","36","440","277200","1996-08-29 00:00:00","63"
"4836M","460","0.635","63","40","440","289800","1996-08-29 00:00:00","63"
"3034M","460","1.238","63","78","440","289800","1996-08-29 00:00:00","63"
"4878M","400","0.667","63","42","440","252000","1996-08-29 00:00:00","63"
"4837M","460","0.794","63","50","440","289800","1996-08-29 00:00:00","63"
"4841M","420","0.159","63","10","440","264600","1996-08-29 00:00:00","63"
"3183M","484","1.016","63","64","440","304920","1996-08-29 00:00:00","63"
"4856M","442","0.571","63","36","440","278460","1996-08-29 00:00:00","63"
"4859M","480","0.627","217","136","440","302400","1996-08-29 00:00:00","217"
"4815M","424","0.413","63","26","440","267120","1996-08-29 00:00:00","63"
"4879M","440","0.635","63","40","440","277200","1996-08-29 00:00:00","63"
"3127M","502","0.825","63","52","440","316260","1996-08-29 00:00:00","63"
"3179M","498","1.016","63","64","440","313740","1996-08-29 00:00:00","63"
"4858M","448","0.635","63","40","440","282240","1996-08-29 00:00:00","63"
"4845M","440","0.476","63","30","440","277200","1996-08-29 00:00:00","63"
"4873M","412","0.159","63","10","440","259560","1996-08-29 00:00:00","63"
"4874M","482","0.952","63","60","440","303660","1996-08-29 00:00:00","63"
"4831M","478","0.921","63","58","440","301140","1996-08-29 00:00:00","63"
"4835M","440","0.54","63","34","440","277200","1996-08-29 00:00:00","63"
"3168M","492","0.54","63","34","440","309960","1996-08-29 00:00:00","63"
"3021M","478","0.921","63","58","440","301140","1996-08-29 00:00:00","63"
"3165M","498","0.762","63","48","440","313740","1996-08-29 00:00:00","63"
"4865M","478","1.079","63","68","440","301140","1996-08-29 00:00:00","63"
"4834M","476","1.048","63","66","440","299880","1996-08-29 00:00:00","63"
"3293M","478","1.175","63","74","440","301140","1996-08-29 00:00:00","63"
"4830M","460","0.635","63","40","440","289800","1996-08-29 00:00:00","63"
"3209M","490","1.302","63","82","440","308700","1996-08-29 00:00:00","63"
"4852M","460","0.698","63","44","440","289800","1996-08-29 00:00:00","63"
"4896M","418","0.603","63","38","440","263340","1996-08-29 00:00:00","63"
"4855M","466","0.73","63","46","440","293580","1996-08-29 00:00:00","63"
"3193M","484","0.794","63","50","440","304920","1996-08-29 00:00:00","63"
"4817M","400","0.476","63","30","440","252000","1996-08-29 00:00:00","63"
"4867M","472","0.825","63","52","440","297360","1996-08-29 00:00:00","63"
"3136M","478","1.238","63","78","440","301140","1996-08-29 00:00:00","63"
"3125M","480","0.794","63","50","440","302400","1996-08-29 00:00:00","63"
"3276M","476","0.889","63","56","440","299880","1996-08-29 00:00:00","63"
"3028M","500","1.048","63","66","440","315000","1996-08-29 00:00:00","63"
"4870M","482","0.667","63","42","440","303660","1996-08-29 00:00:00","63"
"3132M","480","0.794","63","50","440","302400","1996-08-29 00:00:00","63"
"3134M","492","0.825","63","52","440","309960","1996-08-29 00:00:00","63"
"4843M","484","0.857","63","54","440","304920","1996-08-29 00:00:00","63"
"4847M","420","0.254","63","16","440","264600","1996-08-29 00:00:00","63"
"4860M","420","0.635","63","40","440","264600","1996-08-29 00:00:00","63"
"3622M","490","1.016","63","64","440","308700","1996-08-29 00:00:00","63"
"3631M","476","1.206","63","76","440","299880","1996-08-29 00:00:00","63"
"3662M","450","0.508","63","32","440","283500","1996-08-29 00:00:00","63"
"4821M","486","0.762","63","48","440","306180","1996-08-29 00:00:00","63"
"4808M","482","0.667","63","42","440","303660","1996-08-29 00:00:00","63"
"4892M","428","0.413","63","26","440","269640","1996-08-29 00:00:00","63"
"3097M","490","0.889","63","56","440","308700","1996-08-29 00:00:00","63"
"4857M","450","0.794","63","50","440","283500","1996-08-29 00:00:00","63"
"4851M","470","0.571","63","36","440","296100","1996-08-29 00:00:00","63"
"3619M","510","1.429","63","90","440","321300","1996-08-29 00:00:00","63"
"4877M","440","0.609","69","42","440","277200","1996-11-06 00:00:00","69"
"4817M","470","1.014","69","70","440","296100","1996-11-06 00:00:00","69"
"4860M","460","0.58","69","40","440","289800","1996-11-06 00:00:00","69"
"4856M","498","0.812","69","56","440","313740","1996-11-06 00:00:00","69"
"4845M","480","0.58","69","40","440","302400","1996-11-06 00:00:00","69"
"4847M","460","0.58","69","40","440","289800","1996-11-06 00:00:00","69"
"4841M","484","0.928","69","64","440","304920","1996-11-06 00:00:00","69"
"4873M","482","1.014","69","70","440","303660","1996-11-06 00:00:00","69"
"4857M","500","0.725","69","50","440","315000","1996-11-06 00:00:00","69"
"4878M","456","0.812","69","56","440","287280","1996-11-06 00:00:00","69"
"4884M","470","0.203","69","14","440","296100","1996-11-06 00:00:00","69"
"4836M","492","0.464","69","32","440","309960","1996-11-06 00:00:00","69"
"4858M","480","0.464","69","32","440","302400","1996-11-06 00:00:00","69"
"4869M","474","0.725","69","50","440","298620","1996-11-06 00:00:00","69"
"4837M","498","0.551","69","38","440","313740","1996-11-06 00:00:00","69"
"4871M","480","0.725","69","50","440","302400","1996-11-06 00:00:00","69"
"4830M","518","0.841","69","58","440","326340","1996-11-06 00:00:00","69"
"4883M","496","0.667","69","46","440","312480","1996-11-06 00:00:00","69"
"4820M","480","0.58","69","40","440","302400","1996-11-06 00:00:00","69"
"4855M","510","0.638","69","44","440","321300","1996-11-06 00:00:00","69"
"4896M","484","0.957","69","66","440","304920","1996-11-06 00:00:00","69"
"4890M","504","0.406","69","28","440","317520","1996-11-06 00:00:00","69"
"4845M","492","0.188","64","12","440","309960","1997-01-09 00:00:00","64"
"4883M","500","0.063","64","4","440","315000","1997-01-09 00:00:00","64"
"4856M","522","0.375","64","24","440","328860","1997-01-09 00:00:00","64"
"4877M","468","0.438","64","28","440","294840","1997-01-09 00:00:00","64"
"4820M","430","-0.781","64","-50","440","270900","1997-01-09 00:00:00","64"
"4890M","524","0.313","64","20","440","330120","1997-01-09 00:00:00","64"
"D8008","410","0.25","64","16","440","258300","1997-01-09 00:00:00","64"
"4847M","460","0","64","0","440","289800","1997-01-09 00:00:00","64"
"4844M","432","0.188","64","12","440","272160","1997-01-09 00:00:00","64"
"4880M","460","0.625","64","40","440","289800","1997-01-09 00:00:00","64"
"4855M","520","0.156","64","10","440","327600","1997-01-09 00:00:00","64"
"4885M","420","0.531","64","34","440","264600","1997-01-09 00:00:00","64"
"4896M","490","0.094","64","6","440","308700","1997-01-09 00:00:00","64"
"4830M","530","0.188","64","12","440","333900","1997-01-09 00:00:00","64"
"4841M","478","-0.094","64","-6","440","301140","1997-01-09 00:00:00","64"
"4886M","470","0.156","64","10","440","296100","1997-01-09 00:00:00","64"
"D8033","456","0.688","64","44","440","287280","1997-01-09 00:00:00","64"
"D8014","460","0.688","64","44","440","289800","1997-01-09 00:00:00","64"
"D8013","412","0.406","64","26","440","259560","1997-01-09 00:00:00","64"
"4889M","460","1.344","64","86","440","289800","1997-01-09 00:00:00","64"
"4860M","474","0.219","64","14","440","298620","1997-01-09 00:00:00","64"
"4861M","492","0.531","64","34","440","309960","1997-01-09 00:00:00","64"
"4869M","474","0","64","0","440","298620","1997-01-09 00:00:00","64"
"4858M","498","0.281","64","18","440","313740","1997-01-09 00:00:00","64"
"4882M","470","0.406","64","26","440","296100","1997-01-09 00:00:00","64"
"D8006","440","0.469","64","30","440","277200","1997-01-09 00:00:00","64"
"4897M","466","0.25","64","16","440","293580","1997-01-09 00:00:00","64"
"4810M","468","0.656","64","42","440","294840","1997-01-09 00:00:00","64"
"D8019","456","0.656","64","42","440","287280","1997-01-09 00:00:00","64"
"4836M","500","0.125","64","8","440","315000","1997-01-09 00:00:00","64"
"D8025","430","0.656","64","42","440","270900","1997-01-09 00:00:00","64"
"4898M","488","0.662","133","88","440","307440","1997-01-09 00:00:00","133"
"4876M","460","0.406","64","26","440","289800","1997-01-09 00:00:00","64"
"4884M","492","0.344","64","22","440","309960","1997-01-09 00:00:00","64"
"4854M","432","0.188","64","12","440","272160","1997-01-09 00:00:00","64"
"4866M","464","0.313","64","20","440","292320","1997-01-09 00:00:00","64"
"4837M","504","0.094","64","6","440","317520","1997-01-09 00:00:00","64"
"4871M","498","0.281","64","18","440","313740","1997-01-09 00:00:00","64"
"4901M","490","0.563","64","36","440","308700","1997-01-09 00:00:00","64"
"4857M","490","-0.156","64","-10","440","308700","1997-01-09 00:00:00","64"
"4878M","458","0.031","64","2","440","288540","1997-01-09 00:00:00","64"
"4899M","480","0.313","64","20","440","302400","1997-01-09 00:00:00","64"
"4873M","506","0.375","64","24","440","318780","1997-01-09 00:00:00","64"
"4817M","484","0.219","64","14","440","304920","1997-01-09 00:00:00","64"
"D8016","414","0.375","64","24","440","260820","1997-01-09 00:00:00","64"
"D8005","410","0.375","64","24","440","258300","1997-01-09 00:00:00","64"
"4881M","460","0.563","64","36","440","289800","1997-01-09 00:00:00","64"
"D8047","460","0.625","64","40","440","289800","1997-01-09 00:00:00","64"
"D8027","410","0.781","64","50","440","258300","1997-01-09 00:00:00","64"
"4888M","420","0.344","64","22","440","264600","1997-01-09 00:00:00","64"
"4895M","472","0.438","64","28","440","297360","1997-01-09 00:00:00","64"
"D8009","436","0.469","64","30","440","274680","1997-01-09 00:00:00","64"
"4868M","484","0.531","64","34","440","304920","1997-01-09 00:00:00","64"
"3840M","330","0.034","119","4","440","207900","1997-03-05 00:00:00","119"
"4848M","380","0.168","119","20","440","239400","1997-03-05 00:00:00","119"
"4900M","392","0.353","119","42","440","246960","1997-03-05 00:00:00","119"
"D8003","386","0.353","119","42","440","243180","1997-03-05 00:00:00","119"
"D8023","390","0.387","119","46","440","245700","1997-03-05 00:00:00","119"
"D8037","360","0.168","119","20","440","226800","1997-03-05 00:00:00","119"
"D8039","420","0.504","119","60","440","264600","1997-03-05 00:00:00","119"
"D8043","380","0.252","119","30","440","239400","1997-03-05 00:00:00","119"
"D8045","390","0.567","688","390","440","245700","1997-03-05 00:00:00","688"
"D8067","340","0.53","642","340","440","214200","1997-03-05 00:00:00","642"
"D8081","410","0.353","119","42","440","258300","1997-03-05 00:00:00","119"
"D8098","350","0","0","0","440","","1997-03-05 00:00:00",""
"D8033","530","1.51","49","74","440","333900","1997-02-27 00:00:00","49"
"4897M","524","1.184","49","58","440","330120","1997-02-27 00:00:00","49"
"4887M","520","0.796","113","90","440","327600","1997-02-27 00:00:00","113"
"D8014","520","1.224","49","60","440","327600","1997-02-27 00:00:00","49"
"4869M","514","0.816","49","40","440","323820","1997-02-27 00:00:00","49"
"4858M","524","0.531","49","26","440","330120","1997-02-27 00:00:00","49"
"4844M","484","1.061","49","52","440","304920","1997-02-27 00:00:00","49"
"D8013","460","0.98","49","48","440","289800","1997-02-27 00:00:00","49"
"D8008","460","1.02","49","50","440","289800","1997-02-27 00:00:00","49"
"4888M","466","0.939","49","46","440","293580","1997-02-27 00:00:00","49"
"D8005","460","1.02","49","50","440","289800","1997-02-27 00:00:00","49"
"D8027","474","1.306","49","64","440","298620","1997-02-27 00:00:00","49"
"4885M","464","0.898","49","44","440","292320","1997-02-27 00:00:00","49"
"D8015","500","0","16","0","440","315000","1997-03-15 00:00:00","16"
"4844M","484","0","4","0","440","304920","1997-03-03 00:00:00","4"
"D8013","460","0","4","0","440","289800","1997-03-03 00:00:00","4"
"D8008","460","0","4","0","440","289800","1997-03-03 00:00:00","4"
"4888M","466","0","4","0","440","293580","1997-03-03 00:00:00","4"
"D8005","460","0","4","0","440","289800","1997-03-03 00:00:00","4"
"D8027","474","0","4","0","440","298620","1997-03-03 00:00:00","4"
"4885M","464","0","4","0","440","292320","1997-03-03 00:00:00","4"
"4844M","460","-0.649","37","-24","440","289800","1997-04-09 00:00:00","37"
"4858M","532","0.195","41","8","440","335160","1997-04-09 00:00:00","41"
"4869M","530","0.39","41","16","440","333900","1997-04-09 00:00:00","41"
"4885M","488","0.649","37","24","440","307440","1997-04-09 00:00:00","37"
"4887M","500","-0.488","41","-20","440","315000","1997-04-09 00:00:00","41"
"4888M","470","0.108","37","4","440","296100","1997-04-09 00:00:00","37"
"4897M","540","0.39","41","16","440","340200","1997-04-09 00:00:00","41"
"D8005","472","0.324","37","12","440","297360","1997-04-09 00:00:00","37"
"D8008","466","0.162","37","6","440","293580","1997-04-09 00:00:00","37"
"D8013","474","0.378","37","14","440","298620","1997-04-09 00:00:00","37"
"D8014","534","0.341","41","14","440","336420","1997-04-09 00:00:00","41"
"D8027","500","0.703","37","26","440","315000","1997-04-09 00:00:00","37"
"D8033","564","0.829","41","34","440","355320","1997-04-09 00:00:00","41"
"D8015","500","0","25","0","440","315000","1997-04-09 00:00:00","25"
"3840M","342","0.343","35","12","440","215460","1997-04-09 00:00:00","35"
"4848M","406","0.743","35","26","440","255780","1997-04-09 00:00:00","35"
"4900M","400","0.229","35","8","440","252000","1997-04-09 00:00:00","35"
"D8003","416","0.857","35","30","440","262080","1997-04-09 00:00:00","35"
"D8004","388","0.514","35","18","440","244440","1997-04-09 00:00:00","35"
"D8023","424","0.971","35","34","440","267120","1997-04-09 00:00:00","35"
"D8024","430","1.429","35","50","440","270900","1997-04-09 00:00:00","35"
"D8026","410","0.571","35","20","440","258300","1997-04-09 00:00:00","35"
"D8030","390","0.343","35","12","440","245700","1997-04-09 00:00:00","35"
"D8037","400","1.143","35","40","440","252000","1997-04-09 00:00:00","35"
"D8039","450","0.857","35","30","440","283500","1997-04-09 00:00:00","35"
"D8043","420","1.143","35","40","440","264600","1997-04-09 00:00:00","35"
"D8045","402","0.343","35","12","440","253260","1997-04-09 00:00:00","35"
"D8049","406","1.6","35","56","440","255780","1997-04-09 00:00:00","35"
"D8050","400","0.857","35","30","440","252000","1997-04-09 00:00:00","35"
"D8063","370","0.857","35","30","440","233100","1997-04-09 00:00:00","35"
"D8065","366","0.743","35","26","440","230580","1997-04-09 00:00:00","35"
"D8067","370","0.857","35","30","440","233100","1997-04-09 00:00:00","35"
"D8078","410","0.8","35","28","440","258300","1997-04-09 00:00:00","35"
"D8080","382","1.2","35","42","440","240660","1997-04-09 00:00:00","35"
"D8081","442","0.914","35","32","440","278460","1997-04-09 00:00:00","35"
"D8085","390","1.429","35","50","440","245700","1997-04-09 00:00:00","35"
"D8090","380","0.971","35","34","440","239400","1997-04-09 00:00:00","35"
"D8092","390","0.743","35","26","440","245700","1997-04-09 00:00:00","35"
"D8098","350","0","35","0","440","220500","1997-04-09 00:00:00","35"
"D8143","392","7.333","6","44","440","246960","1997-04-09 00:00:00","6"
"E8107","196","0.79","248","196","440","123480","1997-05-16 00:00:00","248"
"E8108","170","0.691","246","170","440","107100","1997-05-16 00:00:00","246"
"E8111","202","0.245","-294","-72","440","127260","1997-05-16 00:00:00","-294"
"E8116","160","0.238","-294","-70","440","100800","1997-05-16 00:00:00","-294"
"E8117","200","0.149","-295","-44","440","126000","1997-05-16 00:00:00","-295"
"E8122","180","0.116","-294","-34","440","113400","1997-05-16 00:00:00","-294"
"E8123","186","0.306","-294","-90","440","117180","1997-05-16 00:00:00","-294"
"3840M","368","0.388","67","26","440","231840","1997-06-15 00:00:00","67"
"4848M","444","0.567","67","38","440","279720","1997-06-15 00:00:00","67"
"4900M","462","0.925","67","62","440","291060","1997-06-15 00:00:00","67"
"D8003","444","0.418","67","28","440","279720","1997-06-15 00:00:00","67"
"D8004","430","0.627","67","42","440","270900","1997-06-15 00:00:00","67"
"D8023","450","0.388","67","26","440","283500","1997-06-15 00:00:00","67"
"D8024","470","0.597","67","40","440","296100","1997-06-15 00:00:00","67"
"D8026","448","0.567","67","38","440","282240","1997-06-15 00:00:00","67"
"D8030","450","0.896","67","60","440","283500","1997-06-15 00:00:00","67"
"D8037","456","0.836","67","56","440","287280","1997-06-15 00:00:00","67"
"D8039","480","0.448","67","30","440","302400","1997-06-15 00:00:00","67"
"D8041","430","0.804","102","82","440","270900","1997-06-15 00:00:00","102"
"D8043","464","0.657","67","44","440","292320","1997-06-15 00:00:00","67"
"D8045","460","0.866","67","58","440","289800","1997-06-15 00:00:00","67"
"D8049","450","0.657","67","44","440","283500","1997-06-15 00:00:00","67"
"D8050","390","-0.149","67","-10","440","245700","1997-06-15 00:00:00","67"
"D8063","408","0.567","67","38","440","257040","1997-06-15 00:00:00","67"
"D8065","414","0.716","67","48","440","260820","1997-06-15 00:00:00","67"
"D8067","416","0.687","67","46","440","262080","1997-06-15 00:00:00","67"
"D8078","446","0.537","67","36","440","280980","1997-06-15 00:00:00","67"
"D8080","414","0.478","67","32","440","260820","1997-06-15 00:00:00","67"
"D8081","486","0.657","67","44","440","306180","1997-06-15 00:00:00","67"
"D8085","426","0.537","67","36","440","268380","1997-06-15 00:00:00","67"
"D8090","430","0.746","67","50","440","270900","1997-06-15 00:00:00","67"
"D8092","436","0.687","67","46","440","274680","1997-06-15 00:00:00","67"
"D8098","420","1.045","67","70","440","264600","1997-06-15 00:00:00","67"
"D8143","434","0.627","67","42","440","273420","1997-06-15 00:00:00","67"
"D8003","484","2","2","4","440","304920","1997-07-23 00:00:00","2"
"D8024","524","0","2","0","440","330120","1997-07-23 00:00:00","2"
"D8039","530","0","2","0","440","333900","1997-07-23 00:00:00","2"
"D8003","480","1","36","36","440","302400","1997-07-21 00:00:00","36"
"D8024","524","1.5","36","54","440","330120","1997-07-21 00:00:00","36"
"D8039","530","1.389","36","50","440","333900","1997-07-21 00:00:00","36"
"4045M","345","0.264","704","186","140","217350","1996-09-03 00:00:00","704"
"4063M","335","0.297","602","179","140","211050","1996-09-03 00:00:00","602"
"3353M","476","0.445","321","143","440","299880","1997-07-21 00:00:00","321"
"4063M","530","0.607","321","195","440","333900","1997-07-21 00:00:00","321"
"4045M","554","0.651","321","209","440","349020","1997-07-21 00:00:00","321"
"3353M","490","0.609","23","14","440","308700","1997-08-13 00:00:00","23"
"3840M","416","0.814","59","48","440","262080","1997-08-13 00:00:00","59"
"D8085","498","1.22","59","72","440","313740","1997-08-13 00:00:00","59"
"D8004","496","1.119","59","66","440","312480","1997-08-13 00:00:00","59"
"D8090","498","1.153","59","68","440","313740","1997-08-13 00:00:00","59"
"D8065","456","0.712","59","42","440","287280","1997-08-13 00:00:00","59"
"D8098","490","1.186","59","70","440","308700","1997-08-13 00:00:00","59"
"D8143","488","0.915","59","54","440","307440","1997-08-13 00:00:00","59"
"D8080","480","1.119","59","66","440","302400","1997-08-13 00:00:00","59"
"D8067","480","1.085","59","64","440","302400","1997-08-13 00:00:00","59"
"D8092","510","1.254","59","74","440","321300","1997-08-13 00:00:00","59"
"D8041","474","0.746","59","44","440","298620","1997-08-13 00:00:00","59"
"D8063","472","1.085","59","64","440","297360","1997-08-13 00:00:00","59"
"D8050","450","1.017","59","60","440","283500","1997-08-13 00:00:00","59"
"D8049","518","1.153","59","68","440","326340","1997-08-13 00:00:00","59"
"D8081","536","0.847","59","50","440","337680","1997-08-13 00:00:00","59"
"4900M","502","0.678","59","40","440","316260","1997-08-13 00:00:00","59"
"D8045","502","0.712","59","42","440","316260","1997-08-13 00:00:00","59"
"D8023","520","1.186","59","70","440","327600","1997-08-13 00:00:00","59"
"D8043","546","1.39","59","82","440","343980","1997-08-13 00:00:00","59"
"D8078","514","1.153","59","68","440","323820","1997-08-13 00:00:00","59"
"D8026","518","1.186","59","70","440","326340","1997-08-13 00:00:00","59"
"D8037","520","1.085","59","64","440","327600","1997-08-13 00:00:00","59"
"D8030","514","1.085","59","64","440","323820","1997-08-13 00:00:00","59"
"D8102","364","0","0","0","440","","1997-10-02 00:00:00",""
"D8105","406","0","0","0","440","","1997-10-02 00:00:00",""
"D8106","366","0.377","472","178","440","230580","1997-10-02 00:00:00","472"
"D8111","336","0.407","472","192","440","211680","1997-10-02 00:00:00","472"
"D8114","398","0.539","738","398","440","250740","1997-10-02 00:00:00","738"
"D8116","354","0.39","472","184","440","223020","1997-10-02 00:00:00","472"
"D8117","362","0.28","472","132","440","228060","1997-10-02 00:00:00","472"
"D8120","332","0.356","472","168","440","209160","1997-10-02 00:00:00","472"
"D8121","370","0.445","472","210","440","233100","1997-10-02 00:00:00","472"
"D8122","370","0.424","472","200","440","233100","1997-10-02 00:00:00","472"
"D8123","346","0.474","730","346","440","217980","1997-10-02 00:00:00","730"
"D8124","374","0.513","729","374","440","235620","1997-10-02 00:00:00","729"
"D8127","392","0.54","726","392","440","246960","1997-10-02 00:00:00","726"
"D8129","384","0.394","472","186","440","241920","1997-10-02 00:00:00","472"
"D8135","320","0.453","707","320","440","201600","1997-10-02 00:00:00","707"
"D8136","394","0.557","707","394","440","248220","1997-10-02 00:00:00","707"
"D8137","330","0.469","704","330","440","207900","1997-10-02 00:00:00","704"
"D8138","386","0.548","704","386","440","243180","1997-10-02 00:00:00","704"
"D8139","362","0.515","703","362","440","228060","1997-10-02 00:00:00","703"
"D8142","294","0.418","703","294","440","185220","1997-10-02 00:00:00","703"
"D8147","378","0.554","682","378","440","238140","1997-10-02 00:00:00","682"
"D8149","360","0.536","672","360","440","226800","1997-10-02 00:00:00","672"
"D8152","340","0.519","655","340","440","214200","1997-10-02 00:00:00","655"
"D8154","330","0.505","653","330","440","207900","1997-10-02 00:00:00","653"
"D8050","472","0.44","50","22","440","297360","1997-10-02 00:00:00","50"
"E8003","352","0.387","367","142","440","221760","1997-10-02 00:00:00","367"
"E8007","344","0.398","367","146","440","216720","1997-10-02 00:00:00","367"
"E8009","340","0.387","367","142","440","214200","1997-10-02 00:00:00","367"
"E8011","300","0.272","367","100","440","189000","1997-10-02 00:00:00","367"
"E8013","294","0.409","367","150","440","185220","1997-10-02 00:00:00","367"
"E8021","314","0.365","367","134","440","197820","1997-10-02 00:00:00","367"
"E8022","364","0.417","321","134","440","229320","1997-10-02 00:00:00","321"
"E8027","342","0.217","598","130","440","215460","1997-10-02 00:00:00","598"
"E8030","350","0.436","321","140","440","220500","1997-10-02 00:00:00","321"
"E8031","284","0.324","321","104","440","178920","1997-10-02 00:00:00","321"
"E8036","286","0.268","321","86","440","180180","1997-10-02 00:00:00","321"
"E8038","340","0.458","321","147","440","214200","1997-10-02 00:00:00","321"
"E8039","298","0.343","321","110","440","187740","1997-10-02 00:00:00","321"
"E8042","324","0.386","321","124","440","204120","1997-10-02 00:00:00","321"
"E8044","304","0.371","280","104","440","191520","1997-10-02 00:00:00","280"
"E8047","340","0.436","280","122","440","214200","1997-10-02 00:00:00","280"
"E8048","286","0.379","280","106","440","180180","1997-10-02 00:00:00","280"
"E8054","300","0.471","280","132","440","189000","1997-10-02 00:00:00","280"
"E8055","290","0.56","518","290","440","182700","1997-10-02 00:00:00","518"
"E8062","284","0.504","266","134","440","178920","1997-10-02 00:00:00","266"
"E8065","290","0.421","266","112","440","182700","1997-10-02 00:00:00","266"
"E8068","280","0.541","266","144","440","176400","1997-10-02 00:00:00","266"
"E8070","276","0.55","229","126","440","173880","1997-10-02 00:00:00","229"
"E8079","280","0.419","229","96","440","176400","1997-10-02 00:00:00","229"
"E8014","306","0.376","367","138","440","192780","1997-10-02 00:00:00","367"
"F8059","166","0","5","0","440","104580","1998-01-10 00:00:00","5"
"F8060","136","0","5","0","440","85680","1998-01-10 00:00:00","5"
"F8062","150","0","5","0","440","94500","1998-01-10 00:00:00","5"
"F8067","116","0","5","0","440","73080","1998-01-10 00:00:00","5"
"F8068","126","0","5","0","440","79380","1998-01-10 00:00:00","5"
"E8152","300","0.468","231","108","440","189000","1998-03-06 00:00:00","231"
"E8128","264","0.38","263","100","440","166320","1998-03-06 00:00:00","263"
"E8107","240","0.15","294","44","440","151200","1998-03-06 00:00:00","294"
"E8104","266","0.277","325","90","440","167580","1998-03-06 00:00:00","325"
"E8138","264","0.433","263","114","440","166320","1998-03-06 00:00:00","263"
"E8084","272","0.344","384","132","440","171360","1998-03-06 00:00:00","384"
"E8133","254","0.433","263","114","440","160020","1998-03-06 00:00:00","263"
"E8072","300","0.339","384","130","440","189000","1998-03-06 00:00:00","384"
"E8130","260","0.411","263","108","440","163800","1998-03-06 00:00:00","263"
"E8150","260","0.364","231","84","440","163800","1998-03-06 00:00:00","231"
"E8147","260","0.476","231","110","440","163800","1998-03-06 00:00:00","231"
"E8141","250","0.373","263","98","440","157500","1998-03-06 00:00:00","263"
"F8047","162","0.148","81","12","440","102060","1998-03-06 00:00:00","81"
"F8060","150","0.255","55","14","440","94500","1998-03-06 00:00:00","55"
"F8074","146","-6.615","13","-86","440","91980","1998-03-06 00:00:00","13"
"F8057","162","-0.036","55","-2","440","102060","1998-03-06 00:00:00","55"
"F8067","120","0.073","55","4","440","75600","1998-03-06 00:00:00","55"
"F8071","154","-5.846","13","-76","440","97020","1998-03-06 00:00:00","13"
"F8076","148","-6.769","13","-88","440","93240","1998-03-06 00:00:00","13"
"F8075","148","-6.154","13","-80","440","93240","1998-03-06 00:00:00","13"
"F8043","148","0.123","81","10","440","93240","1998-03-06 00:00:00","81"
"F8068","138","0.218","55","12","440","86940","1998-03-06 00:00:00","55"
"F8038","138","-0.296","81","-24","440","86940","1998-03-06 00:00:00","81"
"F8051","150","0.198","81","16","440","94500","1998-03-06 00:00:00","81"
"F8062","158","0.145","55","8","440","99540","1998-03-06 00:00:00","55"
"E8030","216","-0.859","156","-134","440","136080","1998-03-07 00:00:00","156"
"F8041","192","0.22","82","18","440","120960","1998-03-07 00:00:00","82"
"F8039","174","0.244","82","20","440","109620","1998-03-07 00:00:00","82"
"F8052","186","0.341","82","28","440","117180","1998-03-07 00:00:00","82"
"F8037","176","0.366","82","30","440","110880","1998-03-07 00:00:00","82"
"F8054","186","0.195","82","16","440","117180","1998-03-07 00:00:00","82"
"F8056","152","0.146","82","12","440","95760","1998-03-07 00:00:00","82"
"F8059","178","0.214","56","12","440","112140","1998-03-07 00:00:00","56"
"F8049","190","0.317","82","26","440","119700","1998-03-07 00:00:00","82"
"F8046","178","0.195","82","16","440","112140","1998-03-07 00:00:00","82"
"E8103","258","0.27","326","88","440","162540","1998-03-07 00:00:00","326"
"F8050","178","0.341","82","28","440","112140","1998-03-07 00:00:00","82"
"95097","390","0.292","308","90","440","245700","1998-09-30 00:00:00","308"
"95212","370","0.299","308","92","440","233100","1998-09-30 00:00:00","308"
"95214","377","0.334","308","103","440","237510","1998-09-30 00:00:00","308"
"95216","380","0.292","308","90","440","239400","1998-09-30 00:00:00","308"
"95239","340","0.247","308","76","440","214200","1998-09-30 00:00:00","308"
"95058","285","0.114","308","35","440","179550","1998-09-30 00:00:00","308"
"95033","370","0.308","308","95","440","233100","1998-09-30 00:00:00","308"
"95013","430","0.357","308","110","440","270900","1998-09-30 00:00:00","308"
"95100","340","0.179","308","55","440","214200","1998-09-30 00:00:00","308"
"95280","360","0.253","308","78","440","226800","1998-09-30 00:00:00","308"
"95028","375","0.367","308","113","440","236250","1998-09-30 00:00:00","308"
"95131","390","0.286","308","88","440","245700","1998-09-30 00:00:00","308"
"95122","410","0.39","308","120","440","258300","1998-09-30 00:00:00","308"
"95067","370","0.214","308","66","440","233100","1998-09-30 00:00:00","308"
"95255","370","0.416","308","128","440","233100","1998-09-30 00:00:00","308"
"95087","420","0.279","308","86","440","264600","1998-09-30 00:00:00","308"
"95143","390","0.344","308","106","440","245700","1998-09-30 00:00:00","308"
"95189","415","0.308","308","95","440","261450","1998-09-30 00:00:00","308"
"95061","340","0.195","308","60","440","214200","1998-09-30 00:00:00","308"
"95266","290","0.26","308","80","440","182700","1998-09-30 00:00:00","308"
"95260","380","0.214","308","66","440","239400","1998-09-30 00:00:00","308"
"95074","390","0.273","308","84","440","245700","1998-09-30 00:00:00","308"
"95153","400","0.26","308","80","440","252000","1998-09-30 00:00:00","308"
"95193","380","0.26","308","80","440","239400","1998-09-30 00:00:00","308"
"95159","382","0.299","308","92","440","240660","1998-09-30 00:00:00","308"
"95123","405","0.393","308","121","440","255150","1998-09-30 00:00:00","308"
"95201","340","0.182","308","56","440","214200","1998-09-30 00:00:00","308"
"95230","390","0.201","308","62","440","245700","1998-09-30 00:00:00","308"
"95081","380","0.208","308","64","440","239400","1998-09-30 00:00:00","308"
"95246","325","0.295","308","91","440","204750","1998-09-30 00:00:00","308"
"95183","354","0.175","308","54","440","223020","1998-09-30 00:00:00","308"
"95150","345","0.256","308","79","440","217350","1998-09-30 00:00:00","308"
"95010","370","0.234","308","72","440","233100","1998-09-30 00:00:00","308"
"95270","410","0.344","308","106","440","258300","1998-09-30 00:00:00","308"
"95137","350","0.211","308","65","440","220500","1998-09-30 00:00:00","308"
"95217","325","0.172","308","53","440","204750","1998-09-30 00:00:00","308"
"95031","375","0.295","308","91","440","236250","1998-09-30 00:00:00","308"
"95282","285","0.244","308","75","440","179550","1998-09-30 00:00:00","308"
"95242","420","0.416","308","128","440","264600","1998-09-30 00:00:00","308"
"95229","360","0.253","308","78","440","226800","1998-09-30 00:00:00","308"
"95251","410","0.341","308","105","440","258300","1998-09-30 00:00:00","308"
"95117","345","0.231","308","71","440","217350","1998-09-30 00:00:00","308"
"95136","345","1.057","308","-37","440","217350","1998-09-30 00:00:00","-35"
"95165","385","0.244","308","75","440","242550","1998-09-30 00:00:00","308"
"95248","420","0.318","308","98","440","264600","1998-09-30 00:00:00","308"
"95075","425","0.308","308","95","440","267750","1998-09-30 00:00:00","308"
"95164","362","0.305","308","94","440","228060","1998-09-30 00:00:00","308"
"95182","325","0.166","308","51","440","204750","1998-09-30 00:00:00","308"
"95127","380","0.266","308","82","440","239400","1998-09-30 00:00:00","308"
"95192","380","0.312","308","96","440","239400","1998-09-30 00:00:00","308"
"95206","405","0.308","308","95","440","255150","1998-09-30 00:00:00","308"
"95249","385","0.321","308","99","440","242550","1998-09-30 00:00:00","308"
"95138","365","0.289","308","89","440","229950","1998-09-30 00:00:00","308"
"95286","390","0.26","308","80","440","245700","1998-09-30 00:00:00","308"
"95012","340","0.292","308","90","440","214200","1998-09-30 00:00:00","308"
"95167","400","0.292","308","90","440","252000","1998-09-30 00:00:00","308"
"95064","400","0.331","308","102","440","252000","1998-09-30 00:00:00","308"
"95265","364","0.201","308","62","440","229320","1998-09-30 00:00:00","308"
"95253","410","0.357","308","110","440","258300","1998-09-30 00:00:00","308"
"95274","392","0.338","308","104","440","246960","1998-09-30 00:00:00","308"
"95287","355","0.308","308","95","440","223650","1998-09-30 00:00:00","308"
"95089","374","0.227","308","70","440","235620","1998-09-30 00:00:00","308"
"95120","305","0.153","308","47","440","192150","1998-09-30 00:00:00","308"
"95039","400","0.357","308","110","440","252000","1998-09-30 00:00:00","308"
"95261","388","0.318","308","98","440","244440","1998-09-30 00:00:00","308"
"95236","410","0.234","308","72","440","258300","1998-09-30 00:00:00","308"
"95062","368","0.273","308","84","440","231840","1998-09-30 00:00:00","308"
"95151","365","0.282","308","87","440","229950","1998-09-30 00:00:00","308"
"95204","430","0.406","308","125","440","270900","1998-09-30 00:00:00","308"
"95065","400","0.308","308","95","440","252000","1998-09-30 00:00:00","308"
"95267","338","0.24","308","74","440","212940","1998-09-30 00:00:00","308"
"95084","385","0.305","308","94","440","242550","1998-09-30 00:00:00","308"
"95115","415","0.373","308","115","440","261450","1998-09-30 00:00:00","308"
"95144","382","0.286","308","88","440","240660","1998-09-30 00:00:00","308"
"95149","428","0.221","308","68","440","269640","1998-09-30 00:00:00","308"
"95116","387","0.244","308","75","440","243810","1998-09-30 00:00:00","308"
"95256","400","0.247","308","76","440","252000","1998-09-30 00:00:00","308"
"95132","364","0.312","308","96","440","229320","1998-09-30 00:00:00","308"
"95037","385","0.179","308","55","440","242550","1998-09-30 00:00:00","308"
"95247","430","0.39","308","120","440","270900","1998-09-30 00:00:00","308"
"95168","380","0.302","308","93","440","239400","1998-09-30 00:00:00","308"
"95219","395","0.273","308","84","440","248850","1998-09-30 00:00:00","308"
"95107","316","0.052","308","16","440","199080","1998-09-30 00:00:00","308"
"95279","390","0.312","308","96","440","245700","1998-09-30 00:00:00","308"
"95259","325","0.055","308","17","440","204750","1998-09-30 00:00:00","308"
"95254","360","0.8","308","-28","440","226800","1998-09-30 00:00:00","-35"
"95045","400","0.227","308","70","440","252000","1998-09-30 00:00:00","308"
"95221","360","0.26","308","80","440","226800","1998-09-30 00:00:00","308"
"95014","360","0.247","308","76","440","226800","1998-09-30 00:00:00","308"
"95241","344","0.305","308","94","440","216720","1998-09-30 00:00:00","308"
"95170","404","0.312","308","96","440","254520","1998-09-30 00:00:00","308"
"95121","400","0.286","308","88","440","252000","1998-09-30 00:00:00","308"
"95135","366","0.344","308","106","440","230580","1998-09-30 00:00:00","308"
"95063","366","0.299","308","92","440","230580","1998-09-30 00:00:00","308"
"95055","335","0.179","308","55","440","211050","1998-09-30 00:00:00","308"
"95142","370","0.279","308","86","440","233100","1998-09-30 00:00:00","308"
"95093","357","0.094","308","29","440","224910","1998-09-30 00:00:00","308"
"95128","390","0.914","35","32","630","245700","1998-11-04 00:00:00","35"
"95037","416","0.886","35","31","630","262080","1998-11-04 00:00:00","35"
"95117","364","0.543","35","19","630","229320","1998-11-04 00:00:00","35"
"95123","438","0.943","35","33","630","275940","1998-11-04 00:00:00","35"
"95137","382","0.914","35","32","630","240660","1998-11-04 00:00:00","35"
"95193","384","0.114","35","4","630","241920","1998-11-04 00:00:00","35"
"95254","388","0.8","35","28","630","244440","1998-11-04 00:00:00","35"
"95168","408","0.8","35","28","630","257040","1998-11-04 00:00:00","35"
"95039","412","0.343","35","12","630","259560","1998-11-04 00:00:00","35"
"95107","340","0.686","35","24","630","214200","1998-11-04 00:00:00","35"
"95267","352","0.4","35","14","630","221760","1998-11-04 00:00:00","35"
"95136","382","1.057","35","37","630","240660","1998-11-04 00:00:00","35"
"95282","312","0.771","35","27","630","196560","1998-11-04 00:00:00","35"
"95149","458","0.857","35","30","630","288540","1998-11-04 00:00:00","35"
"95181","498","0.686","343","24","630","313740","1998-11-04 00:00:00","35"
"95014","368","0.229","35","8","630","231840","1998-11-04 00:00:00","35"
"95063","382","0.457","35","16","630","240660","1998-11-04 00:00:00","35"
"95204","450","0.571","35","20","630","283500","1998-11-04 00:00:00","35"
"95127","416","1.029","35","36","630","262080","1998-11-04 00:00:00","35"
"95221","370","0.286","35","10","630","233100","1998-11-04 00:00:00","35"
"95206","436","0.886","35","31","630","274680","1998-11-04 00:00:00","35"
"95182","366","1.171","35","41","630","230580","1998-11-04 00:00:00","35"
"95216","400","0.571","35","20","630","252000","1998-11-04 00:00:00","35"
"95045","424","0.686","35","24","630","267120","1998-11-04 00:00:00","35"
"95131","426","1.029","35","36","630","268380","1998-11-04 00:00:00","35"
"95253","440","0.857","35","30","630","277200","1998-11-04 00:00:00","35"
"95075","446","0.6","35","21","630","280980","1998-11-04 00:00:00","35"
"95167","434","0.971","35","34","630","273420","1998-11-04 00:00:00","35"
"95013","466","1.029","35","36","630","293580","1998-11-04 00:00:00","35"
"95239","374","0.971","35","34","630","235620","1998-11-04 00:00:00","35"
"95261","414","0.743","35","26","630","260820","1998-11-04 00:00:00","35"
"95280","380","0.571","35","20","630","239400","1998-11-04 00:00:00","35"
"95214","392","0.429","35","15","630","246960","1998-11-04 00:00:00","35"
"95081","416","1.029","35","36","630","262080","1998-11-04 00:00:00","35"
"95012","356","0.457","35","16","630","224280","1998-11-04 00:00:00","35"
"95279","406","0.457","35","16","630","255780","1998-11-04 00:00:00","35"
"95122","446","1.029","35","36","630","280980","1998-11-04 00:00:00","35"
"95120","326","0.6","35","21","630","205380","1998-11-04 00:00:00","35"
"95115","430","0.429","35","15","630","270900","1998-11-04 00:00:00","35"
"95287","366","0.314","35","11","630","230580","1998-11-04 00:00:00","35"
"95170","412","0.229","35","8","630","259560","1998-11-04 00:00:00","35"
"95089","398","0.686","35","24","630","250740","1998-11-04 00:00:00","35"
"95192","406","0.743","35","26","630","255780","1998-11-04 00:00:00","35"
"95188","430","1","343","35","630","270900","1998-11-04 00:00:00","35"
"95121","400","0","35","0","630","252000","1998-11-04 00:00:00","35"
"95067","398","0.8","35","28","630","250740","1998-11-04 00:00:00","35"
"95212","384","0.4","35","14","630","241920","1998-11-04 00:00:00","35"
"95217","356","0.886","35","31","630","224280","1998-11-04 00:00:00","35"
"95242","446","0.743","35","26","630","280980","1998-11-04 00:00:00","35"
"95189","450","1","35","35","630","283500","1998-11-04 00:00:00","35"
"95230","414","0.686","35","24","630","260820","1998-11-04 00:00:00","35"
"95028","400","0.714","35","25","630","252000","1998-11-04 00:00:00","35"
"95249","400","0.429","35","15","630","252000","1998-11-04 00:00:00","35"
"95164","386","0.686","35","24","630","243180","1998-11-04 00:00:00","35"
"95100","370","0.857","35","30","630","233100","1998-11-04 00:00:00","35"
"95093","450","2.657","35","93","630","283500","1998-11-04 00:00:00","35"
"95246","356","0.886","35","31","630","224280","1998-11-04 00:00:00","35"
"95084","398","0.371","35","13","630","250740","1998-11-04 00:00:00","35"
"95165","408","0.657","35","23","630","257040","1998-11-04 00:00:00","35"
"95055","360","0.714","35","25","630","226800","1998-11-04 00:00:00","35"
"95144","414","0.914","35","32","630","260820","1998-11-04 00:00:00","35"
"95143","414","0.686","35","24","630","260820","1998-11-04 00:00:00","35"
"95241","372","0.8","35","28","630","234360","1998-11-04 00:00:00","35"
"95061","366","0.743","35","26","630","230580","1998-11-04 00:00:00","35"
"95150","370","0.714","35","25","630","233100","1998-11-04 00:00:00","35"
"95236","458","1.371","35","48","630","288540","1998-11-04 00:00:00","35"
"95183","372","0.514","35","18","630","234360","1998-11-04 00:00:00","35"
"95033","394","0.686","35","24","630","248220","1998-11-04 00:00:00","35"
"95151","386","0.6","35","21","630","243180","1998-11-04 00:00:00","35"
"95266","312","0.629","35","22","630","196560","1998-11-04 00:00:00","35"
"95286","410","0.571","35","20","630","258300","1998-11-04 00:00:00","35"
"95260","412","0.914","35","32","630","259560","1998-11-04 00:00:00","35"
"95116","408","0.6","35","21","630","257040","1998-11-04 00:00:00","35"
"95097","412","0.629","35","22","630","259560","1998-11-04 00:00:00","35"
"95062","376","0.229","35","8","630","236880","1998-11-04 00:00:00","35"
"95265","398","0.971","35","34","630","250740","1998-11-04 00:00:00","35"
"95256","432","0.914","35","32","630","272160","1998-11-04 00:00:00","35"
"95135","376","0.286","35","10","630","236880","1998-11-04 00:00:00","35"
"95074","414","0.686","35","24","630","260820","1998-11-04 00:00:00","35"
"95201","374","0.971","35","34","630","235620","1998-11-04 00:00:00","35"
"95259","336","0.314","35","11","630","211680","1998-11-04 00:00:00","35"
"95064","420","0.571","35","20","630","264600","1998-11-04 00:00:00","35"
"95010","386","0.457","35","16","630","243180","1998-11-04 00:00:00","35"
"95247","450","0.571","35","20","630","283500","1998-11-04 00:00:00","35"
"95159","406","0.686","35","24","630","255780","1998-11-04 00:00:00","35"
"95219","422","0.771","35","27","630","265860","1998-11-04 00:00:00","35"
"95248","446","0.743","35","26","630","280980","1998-11-04 00:00:00","35"
"95087","448","0.8","35","28","630","282240","1998-11-04 00:00:00","35"
"95270","412","0.057","35","2","630","259560","1998-11-04 00:00:00","35"
"95255","390","0.571","35","20","630","245700","1998-11-04 00:00:00","35"
"95251","420","0.286","35","10","630","264600","1998-11-04 00:00:00","35"
"95153","434","0.971","35","34","630","273420","1998-11-04 00:00:00","35"
"95274","410","0.514","35","18","630","258300","1998-11-04 00:00:00","35"
"95142","400","0.857","35","30","630","252000","1998-11-04 00:00:00","35"
"95128","358","0.149","-35","46","630","225540","1998-09-30 00:00:00","308"
"95181","474","0.338","-35","104","630","298620","1998-09-30 00:00:00","308"
"95188","395","0.244","-35","75","630","248850","1998-09-30 00:00:00","308"
"95138","380","0.429","35","15","630","239400","1998-11-04 00:00:00","35"
"95229","380","0.571","35","20","630","239400","1998-11-04 00:00:00","35"
"95132","376","0.343","35","12","630","236880","1998-11-04 00:00:00","35"
"95065","410","0.286","35","10","630","258300","1998-11-04 00:00:00","35"
"95058","306","0.6","35","21","630","192780","1998-11-04 00:00:00","35"
"95031","408","0.943","35","33","630","257040","1998-11-04 00:00:00","35"
"96148","240","0.831","254","211","140","151200","1996-09-30 00:00:00","254"
"96148","345","0.272","386","105","490","217350","1997-10-21 00:00:00","386"
"96150","210","0.74","246","182","140","132300","1996-09-30 00:00:00","246"
"96150","321","0.288","386","111","490","202230","1997-10-21 00:00:00","386"
"96169","208","0.755","233","176","140","131040","1996-09-30 00:00:00","233"
"96169","327","0.308","386","119","490","206010","1997-10-21 00:00:00","386"
"96186","210","0.822","219","180","140","132300","1996-09-30 00:00:00","219"
"96186","336","0.326","386","126","490","211680","1997-10-21 00:00:00","386"
"96246","187","0.671","231","155","140","117810","1997-01-09 00:00:00","231"
"96246","275","0.309","285","88","490","173250","1997-10-21 00:00:00","285"
"96253","178","0.711","211","150","140","112140","1997-01-09 00:00:00","211"
"96253","248","0.246","285","70","490","156240","1997-10-21 00:00:00","285"
"F8089","350","0.841","226","190","630","220500","1998-11-28 00:00:00","226"
"95010","410","0.558","43","24","630","258300","1998-12-17 00:00:00","43"
"95012","378","0.512","43","22","630","238140","1998-12-17 00:00:00","43"
"95013","502","0.837","43","36","630","316260","1998-12-17 00:00:00","43"
"95014","394","0.605","43","26","630","248220","1998-12-17 00:00:00","43"
"95028","418","0.419","43","18","630","263340","1998-12-17 00:00:00","43"
"95031","436","0.651","43","28","630","274680","1998-12-17 00:00:00","43"
"95033","414","0.465","43","20","630","260820","1998-12-17 00:00:00","43"
"95037","430","0.326","43","14","630","270900","1998-12-17 00:00:00","43"
"95039","424","0.279","43","12","630","267120","1998-12-17 00:00:00","43"
"95045","440","0.372","43","16","630","277200","1998-12-17 00:00:00","43"
"95055","380","0.465","43","20","630","239400","1998-12-17 00:00:00","43"
"95058","326","0.465","43","20","630","205380","1998-12-17 00:00:00","43"
"95061","388","0.512","43","22","630","244440","1998-12-17 00:00:00","43"
"95062","410","0.791","43","34","630","258300","1998-12-17 00:00:00","43"
"95063","406","0.558","43","24","630","255780","1998-12-17 00:00:00","43"
"95064","454","0.791","43","34","630","286020","1998-12-17 00:00:00","43"
"95065","426","0.372","43","16","630","268380","1998-12-17 00:00:00","43"
"95067","406","0.186","43","8","630","255780","1998-12-17 00:00:00","43"
"95074","420","0.14","43","6","630","264600","1998-12-17 00:00:00","43"
"95075","482","0.837","43","36","630","303660","1998-12-17 00:00:00","43"
"95081","418","0.047","43","2","630","263340","1998-12-17 00:00:00","43"
"95084","420","0.512","43","22","630","264600","1998-12-17 00:00:00","43"
"95087","498","1.163","43","50","630","313740","1998-12-17 00:00:00","43"
"95089","422","0.558","43","24","630","265860","1998-12-17 00:00:00","43"
"95093","494","1.023","43","44","630","311220","1998-12-17 00:00:00","43"
"95097","426","0.326","43","14","630","268380","1998-12-17 00:00:00","43"
"95100","374","0.093","43","4","630","235620","1998-12-17 00:00:00","43"
"95107","356","0.372","43","16","630","224280","1998-12-17 00:00:00","43"
"95115","438","0.186","43","8","630","275940","1998-12-17 00:00:00","43"
"95116","424","0.372","43","16","630","267120","1998-12-17 00:00:00","43"
"95117","362","-0.047","43","-2","630","228060","1998-12-17 00:00:00","43"
"95120","334","0.186","43","8","630","210420","1998-12-17 00:00:00","43"
"95121","424","0.558","43","24","630","267120","1998-12-17 00:00:00","43"
"95122","466","0.465","43","20","630","293580","1998-12-17 00:00:00","43"
"95123","470","0.744","43","32","630","296100","1998-12-17 00:00:00","43"
"95127","426","0.233","43","10","630","268380","1998-12-17 00:00:00","43"
"95128","410","0.465","43","20","630","258300","1998-12-17 00:00:00","43"
"95131","430","0.093","43","4","630","270900","1998-12-17 00:00:00","43"
"95132","386","0.233","43","10","630","243180","1998-12-17 00:00:00","43"
"95135","400","0.558","43","24","630","252000","1998-12-17 00:00:00","43"
"95136","404","0.512","43","22","630","254520","1998-12-17 00:00:00","43"
"95137","404","0.512","43","22","630","254520","1998-12-17 00:00:00","43"
"95138","396","0.372","43","16","630","249480","1998-12-17 00:00:00","43"
"95142","426","0.605","43","26","630","268380","1998-12-17 00:00:00","43"
"95143","428","0.326","43","14","630","269640","1998-12-17 00:00:00","43"
"95144","424","0.233","43","10","630","267120","1998-12-17 00:00:00","43"
"95149","492","0.791","43","34","630","309960","1998-12-17 00:00:00","43"
"95150","384","0.326","43","14","630","241920","1998-12-17 00:00:00","43"
"95151","384","-0.047","43","-2","630","241920","1998-12-17 00:00:00","43"
"95153","482","1.116","43","48","630","303660","1998-12-17 00:00:00","43"
"95159","410","0.093","43","4","630","258300","1998-12-17 00:00:00","43"
"95164","398","0.279","43","12","630","250740","1998-12-17 00:00:00","43"
"95165","430","0.512","43","22","630","270900","1998-12-17 00:00:00","43"
"95167","476","0.977","43","42","630","299880","1998-12-17 00:00:00","43"
"95168","416","0.186","43","8","630","262080","1998-12-17 00:00:00","43"
"95170","426","0.326","43","14","630","268380","1998-12-17 00:00:00","43"
"95181","526","0.651","43","28","630","331380","1998-12-17 00:00:00","43"
"95182","390","0.558","43","24","630","245700","1998-12-17 00:00:00","43"
"95183","390","0.419","43","18","630","245700","1998-12-17 00:00:00","43"
"95188","430","0","43","0","630","270900","1998-12-17 00:00:00","43"
"95189","488","0.884","43","38","630","307440","1998-12-17 00:00:00","43"
"95192","412","0.14","43","6","630","259560","1998-12-17 00:00:00","43"
"95193","408","0.558","43","24","630","257040","1998-12-17 00:00:00","43"
"95201","386","0.279","43","12","630","243180","1998-12-17 00:00:00","43"
"95204","478","0.651","43","28","630","301140","1998-12-17 00:00:00","43"
"95206","450","0.326","43","14","630","283500","1998-12-17 00:00:00","43"
"95214","400","0.186","43","8","630","252000","1998-12-17 00:00:00","43"
"95216","414","0.326","43","14","630","260820","1998-12-17 00:00:00","43"
"95217","370","0.326","43","14","630","233100","1998-12-17 00:00:00","43"
"95219","436","0.326","43","14","630","274680","1998-12-17 00:00:00","43"
"95221","372","0.047","43","2","630","234360","1998-12-17 00:00:00","43"
"95229","400","0.465","43","20","630","252000","1998-12-17 00:00:00","43"
"95230","428","0.326","43","14","630","269640","1998-12-17 00:00:00","43"
"95236","476","0.419","43","18","630","299880","1998-12-17 00:00:00","43"
"95239","372","-0.047","43","-2","630","234360","1998-12-17 00:00:00","43"
"95241","368","-0.093","43","-4","630","231840","1998-12-17 00:00:00","43"
"95242","482","0.837","43","36","630","303660","1998-12-17 00:00:00","43"
"95246","352","-0.093","43","-4","630","221760","1998-12-17 00:00:00","43"
"95247","492","0.977","43","42","630","309960","1998-12-17 00:00:00","43"
"95248","464","0.419","43","18","630","292320","1998-12-17 00:00:00","43"
"95249","420","0.465","43","20","630","264600","1998-12-17 00:00:00","43"
"95251","336","-1.953","43","-84","630","211680","1998-12-17 00:00:00","43"
"95253","454","0.326","43","14","630","286020","1998-12-17 00:00:00","43"
"95254","394","0.14","43","6","630","248220","1998-12-17 00:00:00","43"
"95255","430","0.93","43","40","630","270900","1998-12-17 00:00:00","43"
"95256","442","0.233","43","10","630","278460","1998-12-17 00:00:00","43"
"95259","374","0.884","43","38","630","235620","1998-12-17 00:00:00","43"
"95260","478","1.535","43","66","630","301140","1998-12-17 00:00:00","43"
"95261","420","0.14","43","6","630","264600","1998-12-17 00:00:00","43"
"95265","408","0.233","43","10","630","257040","1998-12-17 00:00:00","43"
"95266","336","0.558","43","24","630","211680","1998-12-17 00:00:00","43"
"95267","336","-0.372","43","-16","630","211680","1998-12-17 00:00:00","43"
"95270","434","0.512","43","22","630","273420","1998-12-17 00:00:00","43"
"95274","420","0.233","43","10","630","264600","1998-12-17 00:00:00","43"
"95279","420","0.326","43","14","630","264600","1998-12-17 00:00:00","43"
"95280","392","0.279","43","12","630","246960","1998-12-17 00:00:00","43"
"95282","322","0.233","43","10","630","202860","1998-12-17 00:00:00","43"
"95286","440","0.698","43","30","630","277200","1998-12-17 00:00:00","43"
"95287","380","0.326","43","14","630","239400","1998-12-17 00:00:00","43"
"D6026","740","0.436","771","336","630","466200","1998-12-17 00:00:00","771"
"728","294","1.162","68","79","630","185220","1998-12-22 00:00:00","68"
"728","294","0","24","0","630","185220","1999-01-15 00:00:00","24"
"8108","266","0.717","92","66","630","167580","1999-01-15 00:00:00","92"
"95010","450","1","40","40","630","283500","1999-01-26 00:00:00","40"
"95012","424","1.15","40","46","630","267120","1999-01-26 00:00:00","40"
"95014","440","1.15","40","46","630","277200","1999-01-26 00:00:00","40"
"95028","464","1.15","40","46","630","292320","1999-01-26 00:00:00","40"
"95031","478","1.05","40","42","630","301140","1999-01-26 00:00:00","40"
"95033","464","1.25","40","50","630","292320","1999-01-26 00:00:00","40"
"95037","480","1.25","40","50","630","302400","1999-01-26 00:00:00","40"
"95039","462","0.95","40","38","630","291060","1999-01-26 00:00:00","40"
"95045","474","0.85","40","34","630","298620","1999-01-26 00:00:00","40"
"95055","440","1.5","40","60","630","277200","1999-01-26 00:00:00","40"
"95058","378","1.3","40","52","630","238140","1999-01-26 00:00:00","40"
"95061","428","1","40","40","630","269640","1999-01-26 00:00:00","40"
"95062","450","1","40","40","630","283500","1999-01-26 00:00:00","40"
"95063","456","1.25","40","50","630","287280","1999-01-26 00:00:00","40"
"95064","496","1.05","40","42","630","312480","1999-01-26 00:00:00","40"
"95065","474","1.2","40","48","630","298620","1999-01-26 00:00:00","40"
"95067","454","1.2","40","48","630","286020","1999-01-26 00:00:00","40"
"95074","470","1.25","40","50","630","296100","1999-01-26 00:00:00","40"
"95081","460","1.05","40","42","630","289800","1999-01-26 00:00:00","40"
"95084","460","1","40","40","630","289800","1999-01-26 00:00:00","40"
"95089","450","0.7","40","28","630","283500","1999-01-26 00:00:00","40"
"95097","482","1.4","40","56","630","303660","1999-01-26 00:00:00","40"
"95100","420","1.15","40","46","630","264600","1999-01-26 00:00:00","40"
"95107","410","1.35","40","54","630","258300","1999-01-26 00:00:00","40"
"95115","486","1.2","40","48","630","306180","1999-01-26 00:00:00","40"
"95116","468","1.1","40","44","630","294840","1999-01-26 00:00:00","40"
"95117","410","1.2","40","48","630","258300","1999-01-26 00:00:00","40"
"95120","376","1.05","40","42","630","236880","1999-01-26 00:00:00","40"
"95121","460","0.9","40","36","630","289800","1999-01-26 00:00:00","40"
"95127","470","1.1","40","44","630","296100","1999-01-26 00:00:00","40"
"95128","448","0.95","40","38","630","282240","1999-01-26 00:00:00","40"
"95131","484","1.35","40","54","630","304920","1999-01-26 00:00:00","40"
"95132","444","1.45","40","58","630","279720","1999-01-26 00:00:00","40"
"95135","464","1.6","40","64","630","292320","1999-01-26 00:00:00","40"
"95136","450","1.15","40","46","630","283500","1999-01-26 00:00:00","40"
"95137","430","0.65","40","26","630","270900","1999-01-26 00:00:00","40"
"95138","446","1.25","40","50","630","280980","1999-01-26 00:00:00","40"
"95142","456","0.75","40","30","630","287280","1999-01-26 00:00:00","40"
"95143","476","1.2","40","48","630","299880","1999-01-26 00:00:00","40"
"95144","470","1.15","40","46","630","296100","1999-01-26 00:00:00","40"
"95150","434","1.25","40","50","630","273420","1999-01-26 00:00:00","40"
"95151","436","1.3","40","52","630","274680","1999-01-26 00:00:00","40"
"95159","456","1.15","40","46","630","287280","1999-01-26 00:00:00","40"
"95164","440","1.05","40","42","630","277200","1999-01-26 00:00:00","40"
"95165","474","1.1","40","44","630","298620","1999-01-26 00:00:00","40"
"95168","460","1.1","40","44","630","289800","1999-01-26 00:00:00","40"
"95170","460","0.85","40","34","630","289800","1999-01-26 00:00:00","40"
"95182","440","1.25","40","50","630","277200","1999-01-26 00:00:00","40"
"95183","450","1.5","40","60","630","283500","1999-01-26 00:00:00","40"
"95188","478","1.2","40","48","630","301140","1999-01-26 00:00:00","40"
"95193","456","1.2","40","48","630","287280","1999-01-26 00:00:00","40"
"95192","444","0.8","40","32","630","279720","1999-01-26 00:00:00","40"
"95201","440","1.35","40","54","630","277200","1999-01-26 00:00:00","40"
"95206","490","1","40","40","630","308700","1999-01-26 00:00:00","40"
"95212","420","0.434","83","36","630","264600","1999-01-26 00:00:00","83"
"95214","442","1.05","40","42","630","278460","1999-01-26 00:00:00","40"
"95216","464","1.25","40","50","630","292320","1999-01-26 00:00:00","40"
"95217","410","1","40","40","630","258300","1999-01-26 00:00:00","40"
"95219","464","0.7","40","28","630","292320","1999-01-26 00:00:00","40"
"95221","422","1.25","40","50","630","265860","1999-01-26 00:00:00","40"
"95229","440","1","40","40","630","277200","1999-01-26 00:00:00","40"
"95230","470","1.05","40","42","630","296100","1999-01-26 00:00:00","40"
"95239","430","1.45","40","58","630","270900","1999-01-26 00:00:00","40"
"95241","410","1.05","40","42","630","258300","1999-01-26 00:00:00","40"
"95246","400","1.2","40","48","630","252000","1999-01-26 00:00:00","40"
"95249","468","1.2","40","48","630","294840","1999-01-26 00:00:00","40"
"95251","480","3.6","40","144","630","302400","1999-01-26 00:00:00","40"
"95254","454","1.5","40","60","630","286020","1999-01-26 00:00:00","40"
"95255","492","1.55","40","62","630","309960","1999-01-26 00:00:00","40"
"95256","490","1.2","40","48","630","308700","1999-01-26 00:00:00","40"
"95259","422","1.2","40","48","630","265860","1999-01-26 00:00:00","40"
"95260","470","-0.2","40","-8","630","296100","1999-01-26 00:00:00","40"
"95261","460","1","40","40","630","289800","1999-01-26 00:00:00","40"
"95265","460","1.3","40","52","630","289800","1999-01-26 00:00:00","40"
"95266","364","0.7","40","28","630","229320","1999-01-26 00:00:00","40"
"95267","414","1.95","40","78","630","260820","1999-01-26 00:00:00","40"
"95270","490","1.4","40","56","630","308700","1999-01-26 00:00:00","40"
"95274","456","0.9","40","36","630","287280","1999-01-26 00:00:00","40"
"95279","450","0.75","40","30","630","283500","1999-01-26 00:00:00","40"
"95280","440","1.2","40","48","630","277200","1999-01-26 00:00:00","40"
"95282","358","0.9","40","36","630","225540","1999-01-26 00:00:00","40"
"95286","494","1.35","40","54","630","311220","1999-01-26 00:00:00","40"
"95287","430","1.25","40","50","630","270900","1999-01-26 00:00:00","40"
"8118","244","0.789","123","97","630","153720","1999-02-15 00:00:00","123"
"8130","234","0.74","123","91","630","147420","1999-02-15 00:00:00","123"
"653","498","0.247","154","38","630","313740","1999-03-18 00:00:00","154"
"667","546","0.63","154","97","630","343980","1999-03-18 00:00:00","154"
"728","332","0.613","62","38","630","209160","1999-03-18 00:00:00","62"
"696","406","0.799","154","123","630","255780","1999-03-18 00:00:00","154"
"E0174","462","0.404","1078","436","630","291060","1999-02-23 00:00:00","1078"
"E0172","440","0.385","1078","414.5","630","277200","1999-02-23 00:00:00","1078"
"E0494","410","0.373","1026","383","630","258300","1999-02-23 00:00:00","1026"
"E0245","405","0.355","1065","378.5","630","255150","1999-02-23 00:00:00","1065"
"E0508","403","0.368","1024","376.5","630","253890","1999-02-23 00:00:00","1024"
"E0546","372","0.339","1019","345.5","630","234360","1999-02-23 00:00:00","1019"
"8118","270","0.619","42","26","630","170100","1999-03-29 00:00:00","42"
"8130","282","1.143","42","48","630","177660","1999-03-29 00:00:00","42"
"8108","326","0.822","73","60","630","205380","1999-03-29 00:00:00","73"
"0201","400","","","","630","","1997-11-23 00:00:00",""
"30033","418","","","","630","","1997-11-23 00:00:00",""
"220133","449","","","","630","","1997-11-23 00:00:00",""
"7103235","450","","","","630","","1997-11-23 00:00:00",""
"270822","474","","","","630","","1997-11-23 00:00:00",""
"270060","442","","","","630","","1997-11-23 00:00:00",""
"220142","454","","","","630","","1997-11-23 00:00:00",""
"270085","416","","","","630","","1997-11-23 00:00:00",""
"   5/2","208","0.765","230","176","400","131040","1995-07-15 00:00:00","230"
"11406645","162","-0.053","229","-12","630","102060","1998-09-23 00:00:00","225"
"   5/2","320","0.352","709","56","420","201600","1996-11-05 00:00:00","159"
"   5/2","264","0.175","550","56","420","166320","1996-05-30 00:00:00","320"
"   5/2","350","0.714","751","30","420","220500","1996-12-17 00:00:00","42"
"   5/2","356","0.162","788","6","400","224280","1997-01-23 00:00:00","37"
"   5/2","406","0.174","288","50","400","255780","1997-11-07 00:00:00","288"
"114","162","0.559","229","128","630","102060","1998-09-23 00:00:00","229"
"H8050","165","0.572","229","131","630","103950","1998-09-23 00:00:00","229"
"H8050","174","0.064","140","9","630","109620","1999-02-10 00:00:00","140"
"H8050","300","0.72","175","126","630","189000","1999-08-04 00:00:00","175"
"11406645","174","35","-225","140","630","109620","1998-02-10 00:00:00","4"
"11406645","300","0.438","315","138","630","189000","1999-08-04 00:00:00","315"
"h8048","162","0.559","229","128","630","102060","1998-09-23 00:00:00","229"
"h8048","174","0.086","140","12","630","109620","1999-02-10 00:00:00","140"
"h8048","300","0.72","175","126","630","189000","1999-08-04 00:00:00","175"
"H8048","420","0.645","186","120","630","264600","2000-02-06 00:00:00","186"
"0201","450","1.667","30","50","630","283500","1997-12-23 00:00:00","30"
"0201","500","1.613","31","50","630","315000","1998-01-23 00:00:00","31"
"0201","550","1.613","31","50","630","346500","1998-02-23 00:00:00","31"
"0201","600","0.081","618","50","630","378000","1999-11-03 00:00:00","618"
"270060","450","0.013","618","8","630","283500","1999-08-03 00:00:00","618"
"270060","550","3.226","31","100","630","346500","1999-09-03 00:00:00","31"
"114","500","0.675","501","338","630","315000","2000-02-06 00:00:00","501"
"   5/2","600","0.236","821","194","630","378000","2000-02-06 00:00:00","821"
"003JB","800","5","96","480","630","504000","2000-02-07 00:00:00","96"
"G8146","300","0.309","298","92","630","189000","2000-03-08 00:00:00","298"
"10+7","194","0.88","184","162","630","122220","1998-02-22 00:00:00","184"
"003JB","320","2.947","-96","-280","630","201600","1999-11-03 00:00:00","-95"
"H8050","356","0.299","187","56","630","224280","2000-02-07 00:00:00","187"
"H8020","185","0.034","5447","185","630","116550","2013-12-17 00:00:00",""
"6500","420","0.361","61","22","630","264600","1999-05-29 00:00:00","61"
"          01","600","0.246","2334","575","630","378000","2000-05-23 00:00:00","2334"
"   134","445","0.127","3254","413","660","280350","1998-12-02 00:00:00","3254"
"   135","400","0.132","2783","368","560","252000","1998-01-26 00:00:00","2783"
"   211","410","0.131","2882","377","560","258300","1998-01-26 00:00:00","2882"
"   211","365","-0.076","3478","-45","660","229950","1999-09-14 00:00:00","596"
"   243","470","0.142","3105","440","560","296100","1998-01-10 00:00:00","3105"
"   243","450","-0.031","3744","-20","660","283500","1999-10-11 00:00:00","639"
"   609","370","0.137","2485","340","660","233100","1998-12-02 00:00:00","2485"
"   614","442","0.181","2273","412","560","278460","1998-01-10 00:00:00","2273"
"   616","400","0.151","2430","367","660","252000","1999-03-22 00:00:00","2430"
"   710","509","0.266","1799","478","560","320670","1998-01-10 00:00:00","1799"
"   722","380","0.176","2154","380","560","239400","1998-01-26 00:00:00","2154"
"   722","429","0.107","456","49","660","270270","1999-04-27 00:00:00","456"
"   735","403","0.146","2519","368","660","253890","1999-04-27 00:00:00","2519"
"   787","440","0.193","2096","405","660","277200","1999-07-30 00:00:00","2096"
"   956","430","0.267","1479","395","660","270900","1999-03-22 00:00:00","1479"
"   959","480","0.488","914","446","560","302400","1998-01-10 00:00:00","914"
"   959","520","0.071","1480","40","660","327600","1999-07-30 00:00:00","566"
"6304","224","0.682","280","191","350","141120","1997-08-07 00:00:00","280"
"6309","246","0.764","276","211","350","154980","1997-08-07 00:00:00","276"
"6324","216","0.7","267","187","350","136080","1997-08-07 00:00:00","267"
"6328","244","0.784","264","207","350","153720","1997-08-07 00:00:00","264"
"6329","236","0.76","263","200","350","148680","1997-08-07 00:00:00","263"
"   135","500","0.13","772","100","630","315000","2000-03-08 00:00:00","772"
"H8041","190","0.035","5382","190","630","119700","2013-12-17 00:00:00",""
"10+7","250","0.075","745","56","630","157500","2000-03-08 00:00:00","745"
"4839","400","0.033","1346","44","630","252000","2000-03-08 00:00:00","1346"
"   621","450","2.383","175","417","630","283500","1993-09-13 00:00:00","175"
"4839","500","1.316","76","100","630","315000","2000-05-23 00:00:00",""
"10+7","500","3.289","76","250","630","315000","2000-05-23 00:00:00",""
"g8146","600","3.947","76","300","630","378000","2000-05-23 00:00:00",""
"8119","350","0.047","4884","228","630","220500","2012-02-28 00:00:00",""
"23330","337","0.349","378","132","2200","741400","2005-06-15 00:00:00",""
"23330","205","0.735","238","175","2200","451000","2004-06-02 00:00:00",""
"23330","400","0.172","366","63","2600","1040000","2006-06-16 00:00:00",""
"25204","180","0.577","260","150","2600","468000","2006-05-26 00:00:00",""
"25204","345","0.35","143","50","2600","897000","2008-08-05 00:00:00",""
"25204","295","0.175","659","115","2600","767000","2008-03-15 00:00:00",""
"25290","195","0.685","241","165","2600","507000","2006-05-26 00:00:00",""
"25290","340","0.22","659","145","2600","884000","2008-03-15 00:00:00",""
"29204","130","0.479","211","101","2600","338000","2010-03-30 00:00:00",""
"29341","180","0.588","260","153","2600","468000","2010-06-30 00:00:00",""
"29376","180","0.668","226","151","2600","468000","2010-06-30 00:00:00",""
"30624","135","0.209","555","116","630","85050","2011-08-15 00:00:00",""
"45200","180","1.082","134","145","630","113400","2006-07-01 00:00:00",""
"45200","350","0.268","634","170","630","220500","2008-03-26 00:00:00",""
"49501","320","1.092","262","286","630","201600","2009-10-20 00:00:00",""
"49502","180","0.557","262","146","630","113400","2009-10-20 00:00:00",""
"011b","180","0.03","4897","148","630","113400","2014-11-18 00:00:00",""
"8157","185","0.024","5901","144","630","116550","2014-11-18 00:00:00",""
"8159","185","0.024","5901","142","630","116550","2014-11-18 00:00:00",""
"2526","180","0.692","214","148","630","113400","2014-11-19 00:00:00",""
"2526","320","140","1","140","630","201600","2014-11-20 00:00:00",""
