"SERIE","FECAP","FECAS","FECPO","FECFO","PROLT","PROM","DIALAC","DIAORD","FECSER","BECERRO","SEXO","TOROPAJ","NOMI","FREGP","INTDIAABI","INTESTPAR","PESO_PREÑEZ","MESES_PREÑADA","METODO","FEPRE","TOROTEMP"
"2804","1996-12-02 00:00:00","1996-11-02 00:00:00","1996-01-11 00:00:00","1996-09-30 00:00:00","495.6","1.88441064638783","263","263","1996-02-21 00:00:00","","","","","1996-04-06 00:00:00","43","313","0","1","","1996-03-07 00:00:00",""
"8553","","1996-10-31 00:00:00","1996-01-15 00:00:00","","0","0","7030","7030","","","","","","","0","0","0","1","","",""
"8560","","1996-12-01 00:00:00","1996-02-10 00:00:00","","84.9","0.0121216447744146","7004","7004","","","","","","","0","0","0","1","","",""
"2820","","1996-12-13 00:00:00","1996-02-27 00:00:00","","360","0.051524259338772","6987","6987","","","","","","","0","0","0","1","","",""
"8506","","1997-03-03 00:00:00","1996-05-16 00:00:00","","478.4","0.0692530399536769","6908","6908","","","","","","","0","0","0","1","","",""
"4806","","1997-03-14 00:00:00","1996-05-28 00:00:00","","0","0","6896","6896","","","","","","","0","0","0","1","","",""
"582","","1997-04-12 00:00:00","1996-06-26 00:00:00","","449.9","0.0655162370758701","6867","6867","","","","","","","0","0","0","1","","",""
"3858","","1997-06-27 00:00:00","1996-09-10 00:00:00","","512.88","0.0755234869680459","6791","6791","","","","","","","0","0","0","1","","",""
"2863","","1997-07-13 00:00:00","1996-09-26 00:00:00","","523.395833333333","0.0772539975399754","6775","6775","","","","","","","0","0","0","1","","",""
"7511","","1997-07-16 00:00:00","1996-09-29 00:00:00","","1193.71183333333","0.176271682417799","6772","6772","","","","","","","0","0","0","1","","",""
"40","","1997-08-07 00:00:00","1996-10-21 00:00:00","","809.999166666667","0.11999987654321","6750","6750","","","","","","","0","0","0","1","","",""
"3855","","1997-08-29 00:00:00","1996-11-12 00:00:00","","882.031166666667","0.13109856817281","6728","6728","","","","","","","0","0","0","1","","",""
"584","","1997-09-01 00:00:00","1996-11-15 00:00:00","","0","0","6725","6725","","","","","","","0","0","0","1","","",""
"8599","","1997-09-13 00:00:00","1996-11-27 00:00:00","","815.659833333333","0.121504518595759","6713","6713","","","","","","","0","0","0","1","","",""
"4825","","1997-09-14 00:00:00","1996-11-28 00:00:00","","112.1","0.0167014302741359","6712","6712","","","","","","","0","0","0","1","","",""
"4843","","1997-09-21 00:00:00","1996-12-05 00:00:00","","109.8","0.0163758389261745","6705","6705","","","","","","","0","0","0","1","","",""
"8606","","1997-09-30 00:00:00","1996-12-14 00:00:00","","85.3","0.0127389486260454","6696","6696","","","","","","","0","0","0","1","","",""
"1511","","1997-10-03 00:00:00","1996-12-17 00:00:00","","880.705166666667","0.131586010259475","6693","6693","","","","","","","0","0","0","1","","",""
"8527","","1997-10-03 00:00:00","1996-12-17 00:00:00","","146","0.0218138353503661","6693","6693","","","","","","","0","0","0","1","","",""
"3804","","1997-10-05 00:00:00","1996-12-19 00:00:00","","1068.16916666667","0.159642679220844","6691","6691","","","","","","","0","0","0","1","","",""
"4803","","1997-10-12 00:00:00","1996-12-26 00:00:00","","842.8415","0.126098369239976","6684","6684","","","","","","","0","0","0","1","","",""
"1563","","1997-11-06 00:00:00","1997-01-20 00:00:00","","1125.35533333333","0.168997647294389","6659","6659","","","","","","","0","0","0","1","","",""
"4841","","1997-11-28 00:00:00","1997-02-11 00:00:00","","121.6","0.0183215308121139","6637","6637","","","","","","","0","0","0","1","","",""
"465","","1997-12-15 00:00:00","1997-02-28 00:00:00","","1013.428","0.15308580060423","6620","6620","","","","","","","0","0","0","1","","",""
"4834","","1997-12-15 00:00:00","1997-02-28 00:00:00","","927.6925","0.140134818731118","6620","6620","","","","","","","0","0","0","1","","",""
"4838","","1997-12-19 00:00:00","1997-03-04 00:00:00","","-993.78","-0.150208585247884","6616","6616","","","","","","","0","0","0","1","","",""
"3820","","1998-01-05 00:00:00","1997-03-21 00:00:00","","1382.55983333333","0.209510506642421","6599","6599","","","","","","","0","0","0","1","","",""
"3843","","1998-01-20 00:00:00","1997-04-05 00:00:00","","1157.3","0.175774605103281","6584","6584","","","","","","","0","0","0","1","","",""
"7002","","1998-01-25 00:00:00","1997-04-10 00:00:00","","1254.8","0.190728074175407","6579","6579","","","","","","","0","0","0","1","","",""
"459","","1998-01-27 00:00:00","1997-04-12 00:00:00","","721.1","0.109639653337388","6577","6577","","","","","","","0","0","0","1","","",""
"1541","","1998-02-05 00:00:00","1997-04-21 00:00:00","","1165.8","0.177496954933009","6568","6568","","","","","","","0","0","0","1","","",""
"9589","","1998-02-06 00:00:00","1997-04-22 00:00:00","","1403.33466666667","0.213694939343181","6567","6567","","","","","","","0","0","0","1","","",""
"9580","","1998-02-07 00:00:00","1997-04-23 00:00:00","","1995.38333333333","0.303896334653264","6566","6566","","","","","","","0","0","0","1","","",""
"226","","1998-02-15 00:00:00","1997-05-01 00:00:00","","1416.23666666667","0.215955575886957","6558","6558","","","","","","","0","0","0","1","","",""
"80","","1998-02-18 00:00:00","1997-05-04 00:00:00","","1554.09","0.23708466819222","6555","6555","","","","","","","0","0","0","1","","",""
"4844","","1998-02-19 00:00:00","1997-06-24 00:00:00","","306.086666666667","0.0470612956129561","6504","6504","","","","","","","0","0","0","1","","",""
"563","","1998-02-24 00:00:00","1997-05-10 00:00:00","","966.5","0.147579783173003","6549","6549","","","","","","","0","0","0","1","","",""
"2836","","1998-04-02 00:00:00","1997-06-16 00:00:00","","979.1","0.150353194103194","6512","6512","","","","","","","0","0","0","1","","",""
"4850","","1998-04-02 00:00:00","1997-06-16 00:00:00","","894.6","0.13737714987715","6512","6512","","","","","","","0","0","0","1","","",""
"577","","1998-04-02 00:00:00","1997-06-16 00:00:00","","1207.3","0.185396191646192","6512","6512","","","","","","","0","0","0","1","","",""
"4826","","1998-04-18 00:00:00","1997-07-02 00:00:00","","0.6","9.23645320197044E-05","6496","6496","","","","","","","0","0","0","1","","",""
"4829","","1998-04-18 00:00:00","1997-07-02 00:00:00","","786.9","0.121136083743842","6496","6496","","","","","","","0","0","0","1","","",""
"2842","","1998-05-03 00:00:00","1997-07-17 00:00:00","","1460.8","0.225397315229131","6481","6481","","","","","","","0","0","0","1","","",""
"3","","1998-05-03 00:00:00","1997-07-17 00:00:00","","731.9","0.112930103379108","6481","6481","","","","","","","0","0","0","1","","",""
"113","","1998-06-02 00:00:00","1997-08-16 00:00:00","","777.4","0.120508448302589","6451","6451","","","","","","","0","0","0","1","","",""
"171","","1998-06-02 00:00:00","1997-08-16 00:00:00","","448.9","0.0695861106805147","6451","6451","","","","","","","0","0","0","1","","",""
"2","","1998-06-19 00:00:00","1997-09-02 00:00:00","","642.9","0.0999222878458191","6434","6434","","","","","","","0","0","0","1","","",""
"          02","2002-01-14 00:00:00","2001-12-10 00:00:00","","","","","0","0","","","","","","2001-08-27 00:00:00","110","385","0","4.5","Monta Libre","2001-04-14 00:00:00",""
"418","","1998-06-19 00:00:00","1997-09-02 00:00:00","","1084.8","0.168604289710911","6434","6434","","","","","","","0","0","0","1","","",""
"8581","","1998-06-27 00:00:00","1997-09-10 00:00:00","","1298.9","0.20213196389667","6426","6426","","","","","","","0","0","0","1","","",""
"1550","","1998-07-10 00:00:00","1997-09-23 00:00:00","","1133.87366666667","0.176808617911534","6413","6413","","","","","","","0","0","0","1","","",""
"369","","1998-07-10 00:00:00","1997-09-23 00:00:00","","1003.7","0.156510213628567","6413","6413","","","","","","","0","0","0","1","","",""
"6517","","1998-07-10 00:00:00","1997-09-23 00:00:00","","586.4","0.0914392639950102","6413","6413","","","","","","","0","0","0","1","","",""
"1594","","1998-07-25 00:00:00","1997-10-08 00:00:00","","1260.77033333333","0.197056944878608","6398","6398","","","","","","","0","0","0","1","","",""
"550","","1998-07-25 00:00:00","1997-10-08 00:00:00","","1461.8695","0.228488512035011","6398","6398","","","","","","","0","0","0","1","","",""
"1566","","1998-08-04 00:00:00","1997-10-18 00:00:00","","398.8","0.0624295554164058","6388","6388","","","","","","","0","0","0","1","","",""
"2860","","1998-08-04 00:00:00","1997-10-18 00:00:00","","1149.99333333333","0.180024003339595","6388","6388","","","","","","","0","0","0","1","","",""
"1593","","1998-08-08 00:00:00","1997-10-22 00:00:00","","1218.47116666667","0.190863277986633","6384","6384","","","","","","","0","0","0","1","","",""
"4845","","1998-08-24 00:00:00","1997-11-07 00:00:00","","22.5","0.00353329145728643","6368","6368","","","","","","","0","0","0","1","","",""
"8522","","1998-08-24 00:00:00","1997-11-07 00:00:00","","561.9","0.0882380653266332","6368","6368","","","","","","","0","0","0","1","","",""
"3803","","1998-09-07 00:00:00","1997-11-21 00:00:00","","539.9","0.0849700975763299","6354","6354","","","","","","","0","0","0","1","","",""
"3811","","1998-09-07 00:00:00","1997-11-21 00:00:00","","832.3925","0.131002911551778","6354","6354","","","","","","","0","0","0","1","","",""
"3848","","1998-09-07 00:00:00","1997-11-21 00:00:00","","992.409666666667","0.15618660161578","6354","6354","","","","","","","0","0","0","1","","",""
"85341","","1998-09-07 00:00:00","1997-11-21 00:00:00","","1394.58666666667","0.219481691323051","6354","6354","","","","","","","0","0","0","1","","",""
"3810","","1998-09-20 00:00:00","1997-12-04 00:00:00","","814.912166666667","0.128514771592283","6341","6341","","","","","","","0","0","0","1","","",""
"3863","","1998-09-20 00:00:00","1997-12-04 00:00:00","","620.391666666667","0.0978381433002155","6341","6341","","","","","","","0","0","0","1","","",""
"4839","","1998-09-20 00:00:00","1997-12-04 00:00:00","","1431.954","0.22582463333859","6341","6341","","","","","","","0","0","0","1","","",""
"6502","1999-04-02 00:00:00","1999-03-03 00:00:00","1997-12-04 00:00:00","","991.268666666667","0.156326867476213","6341","6341","","","","","","1998-12-18 00:00:00","219","489","0","5.5","Monta Libre","1998-07-06 00:00:00",""
"8571","","1998-09-20 00:00:00","1997-12-04 00:00:00","","779.013833333333","0.122853466855911","6341","6341","","","","","","","0","0","0","1","","",""
"D8032","","1998-09-20 00:00:00","1997-12-04 00:00:00","","706.791666666667","0.111463754402565","6341","6341","","","","","","","0","0","0","1","","",""
"2831","","1998-10-04 00:00:00","1997-12-18 00:00:00","","371.3","0.058685000790264","6327","6327","","","","","","","0","0","0","1","","",""
"83","1999-04-02 00:00:00","1999-03-03 00:00:00","1997-12-18 00:00:00","","1001.76783333333","0.158332200621674","6327","6327","","","","","","1998-12-18 00:00:00","217","487","0","5.5","Monta Libre","1998-07-06 00:00:00",""
"8589","","1998-10-04 00:00:00","1997-12-18 00:00:00","","644.712166666667","0.101898556451188","6327","6327","","","","","","","0","0","0","1","","",""
"1572","2000-07-16 00:00:00","2000-06-11 00:00:00","","","","","0","0","","","","","","2000-01-13 00:00:00","218","493","0","3","Monta Libre","1999-10-15 00:00:00",""
"D8146","","1999-04-22 00:00:00","1998-08-25 00:00:00","","295.552166666667","0.0486345510394383","6077","6077","","","","","","","0","0","0","0","","",""
"3809","","1998-10-20 00:00:00","1998-01-03 00:00:00","","389.154833333333","0.06166294300956","6311","6311","","","","","","","0","0","0","1","","",""
"4828","","1998-10-20 00:00:00","1998-01-03 00:00:00","","50.0933333333333","0.00793746368774098","6311","6311","","","","","","","0","0","0","1","","",""
"4860","","1998-10-20 00:00:00","1998-01-03 00:00:00","","119.310666666667","0.0189051919928168","6311","6311","","","","","","","0","0","0","1","","",""
"4862","","1998-10-20 00:00:00","1998-01-03 00:00:00","","7","0.00110917445729678","6311","6311","","","","","","","0","0","0","1","","",""
"96186","2001-12-13 00:00:00","","","","","","0","0","","","","","","2001-09-24 00:00:00","0","0","0","6.5","Monta Libre","2001-03-13 00:00:00",""
"4871","","1998-10-20 00:00:00","1998-01-03 00:00:00","","1.5","0.000237680240849311","6311","6311","","","","","","","0","0","0","1","","",""
"571","1999-05-02 00:00:00","1999-04-02 00:00:00","1998-01-03 00:00:00","","785.108833333333","0.124403237733059","6311","6311","","","","","","1998-12-18 00:00:00","232","502","0","4.5","Monta Libre","1998-08-05 00:00:00",""
"D8010","","1998-10-20 00:00:00","1998-01-03 00:00:00","","34.1","0.00540326414197433","6311","6311","","","","","","","0","0","0","1","","",""
"4867","","1998-10-20 00:00:00","1998-01-15 00:00:00","","109.6","0.0173995872360692","6299","6299","","","","","","","0","0","0","1","","",""
"1595","","1998-11-01 00:00:00","1998-01-15 00:00:00","","784.786666666667","0.124589088215061","6299","6299","","","","","","","0","0","0","1","","",""
"2832","","1998-11-01 00:00:00","1998-01-15 00:00:00","","144.1","0.0228766470868392","6299","6299","","","","","","","0","0","0","1","","",""
"4859","","1998-11-01 00:00:00","1998-01-15 00:00:00","","28.4","0.00450865216701064","6299","6299","","","","","","","0","0","0","1","","",""
"D8101","","1999-05-27 00:00:00","1998-09-29 00:00:00","","523.542","0.0866504468718967","6042","6042","","","","","","","0","0","0","0","","",""
"3837","","1999-07-19 00:00:00","1998-11-21 00:00:00","","379.095","0.0632985473367841","5989","5989","","","","","","","0","0","0","0","","",""
"D8012","1999-03-03 00:00:00","1999-02-01 00:00:00","1998-01-23 00:00:00","","0.5","7.94786202511524E-05","6291","6291","","","","","","1998-12-18 00:00:00","148","418","0","6.5","Monta Libre","1998-06-06 00:00:00",""
"4852","1999-03-03 00:00:00","1999-02-01 00:00:00","1998-01-28 00:00:00","","61.1","0.00972001272669424","6286","6286","","","","","","1998-12-18 00:00:00","165","435","0","6.5","Monta Libre","1998-06-06 00:00:00",""
"9570","","1998-11-20 00:00:00","1998-02-24 00:00:00","","593.011333333333","0.0947453799861533","6259","6259","","","","","","","0","0","0","1","","",""
"3854","2001-03-06 00:00:00","2001-01-30 00:00:00","1998-02-24 00:00:00","","0","0","6259","6259","","","","","","2000-08-03 00:00:00","820","1095","0","2","Monta Libre","2000-06-04 00:00:00",""
"4893","","1998-12-11 00:00:00","1998-02-24 00:00:00","","2","0.000319539862597859","6259","6259","","","","","","","0","0","0","1","","",""
"1591","","1999-02-28 00:00:00","1998-05-14 00:00:00","","5","0.000809061488673139","6180","6180","","","","","","","0","0","0","1","","",""
"187","1999-04-02 00:00:00","1999-03-03 00:00:00","1998-05-14 00:00:00","1999-03-03 00:00:00","304.436666666667","1.03903299203641","293","293","","","","","","1998-12-18 00:00:00","121","391","0","5.5","Monta Libre","1998-07-06 00:00:00",""
"4851","","1999-05-27 00:00:00","1998-09-29 00:00:00","","1","0.000165508109897385","6042","6042","","","","","","","0","0","0","0","","",""
"D8141","","1999-10-03 00:00:00","1999-02-05 00:00:00","","370.4","0.0626416370708608","5913","5913","","","","","","","0","0","0","0","","",""
"8554","","2000-01-01 00:00:00","1999-05-06 00:00:00","","735.8","0.126360982311523","5823","5823","","","","","","","0","0","0","0","","",""
"2828","","1999-02-28 00:00:00","1998-05-14 00:00:00","","4.4","0.000711974110032363","6180","6180","","","","","","","0","0","0","1","","",""
"114","2000-06-05 00:00:00","2000-05-01 00:00:00","","","","","0","0","","","","","","1999-10-04 00:00:00","68","343","0","1","Temporada de Monta","1999-09-04 00:00:00","  S-38"
"3826","1999-05-17 00:00:00","1999-04-17 00:00:00","1998-05-14 00:00:00","","5.7","0.000922330097087379","6180","6180","","","","","","1998-12-18 00:00:00","126","396","0","4","Monta Libre","1998-08-20 00:00:00",""
"4801","","1999-02-28 00:00:00","1998-05-14 00:00:00","","652.3","0.105550161812298","6180","6180","","","","","","","0","0","0","1","","",""
"4810","1999-05-02 00:00:00","1999-04-02 00:00:00","1998-05-14 00:00:00","","4.2","0.000679611650485437","6180","6180","","","","","","1998-12-18 00:00:00","111","381","0","4.5","Monta Libre","1998-08-05 00:00:00",""
"585","","1999-02-28 00:00:00","1998-05-14 00:00:00","","7.8","0.0012621359223301","6180","6180","","","","","","","0","0","0","1","","",""
"6516","","1999-02-28 00:00:00","1998-05-14 00:00:00","","6.5","0.00105177993527508","6180","6180","","","","","","","0","0","0","1","","",""
"7016","1999-05-02 00:00:00","1999-04-02 00:00:00","1998-05-14 00:00:00","","4.7","0.000760517799352751","6180","6180","","","","","","1998-12-18 00:00:00","111","381","0","4.5","Monta Libre","1998-08-05 00:00:00",""
"7599","1999-03-03 00:00:00","1999-02-01 00:00:00","1998-05-14 00:00:00","","6.1","0.00098705501618123","6180","6180","","","","","","1998-12-18 00:00:00","51","321","0","6.5","Monta Libre","1998-06-06 00:00:00",""
"D6014","","1999-02-28 00:00:00","1998-05-14 00:00:00","","3","0.000485436893203883","6180","6180","","","","","","","0","0","0","1","","",""
"D8021","","1999-02-28 00:00:00","1998-05-14 00:00:00","","1","0.000161812297734628","6180","6180","","","","","","","0","0","0","1","","",""
"D8031","","1999-02-28 00:00:00","1998-05-14 00:00:00","","2.4","0.000388349514563107","6180","6180","","","","","","","0","0","0","1","","",""
"D8125","","1999-02-28 00:00:00","1998-05-14 00:00:00","","4","0.000647249190938511","6180","6180","","","","","","","0","0","0","1","","",""
"3850","1995-08-19 00:00:00","1995-07-20 00:00:00","","","0","0","","210","1994-11-07 00:00:00","","","","","1994-12-22 00:00:00","0","0","0","1","","1994-11-22 00:00:00",""
"3856","1995-09-03 00:00:00","1995-08-04 00:00:00","","","0","0","","210","1994-11-22 00:00:00","","","","","1995-01-06 00:00:00","0","0","0","1","","1994-12-07 00:00:00",""
"3862","1995-09-18 00:00:00","1995-08-19 00:00:00","","","0","0","","210","1994-12-07 00:00:00","","","","","1995-01-21 00:00:00","0","0","0","1","","1994-12-22 00:00:00",""
"8539","1995-09-28 00:00:00","1995-08-29 00:00:00","1994-07-29 00:00:00","","286.5","0.037871777924653","7565","7565","","","","","","1995-01-31 00:00:00","159","429","0","1","","1995-01-01 00:00:00",""
"812","1995-09-28 00:00:00","1995-08-29 00:00:00","1994-08-15 00:00:00","1995-04-10 00:00:00","694.973333333333","2.92005602240896","238","238","1994-12-17 00:00:00","","","","","1995-01-31 00:00:00","144","414","0","1","","1995-01-01 00:00:00",""
"14","1995-09-28 00:00:00","1995-08-29 00:00:00","1995-09-08 00:00:00","1996-05-20 00:00:00","937.2","3.67529411764706","255","255","1994-12-17 00:00:00","","","","","1995-01-31 00:00:00","-250","20","0","1","","1995-01-01 00:00:00",""
"4812","1995-10-03 00:00:00","1995-09-03 00:00:00","","","0","0","","210","1994-12-22 00:00:00","","","","","1995-02-05 00:00:00","0","0","0","1","","1995-01-06 00:00:00",""
"453","1995-10-28 00:00:00","1995-09-28 00:00:00","","","0","0","","210","","","","","","1995-03-02 00:00:00","87","357","0","1","","1995-01-31 00:00:00",""
"9513","1995-10-28 00:00:00","1995-09-28 00:00:00","","","0","0","","210","","","","","","1995-03-02 00:00:00","158","428","0","1","","1995-01-31 00:00:00",""
"3818","1995-10-28 00:00:00","1995-09-28 00:00:00","1995-09-30 00:00:00","","0","0","7137","7137","1995-01-16 00:00:00","","","","","1995-03-02 00:00:00","-239","31","0","1","","1995-01-31 00:00:00",""
"   5/2","2000-10-02 00:00:00","2000-08-28 00:00:00","2000-02-24 00:00:00","","5","0.000904322662325918","5529","5529","","","","P-407","GENARO RODRIGUEZ","2000-02-22 00:00:00","63","338","0","52","Inseminación Artificial","2000-01-01 00:00:00",""
"3822","1995-10-28 00:00:00","1995-09-28 00:00:00","1995-10-17 00:00:00","1996-07-15 00:00:00","134.9","0.495955882352941","272","272","1995-01-16 00:00:00","","","","","1995-03-02 00:00:00","-256","14","0","1","","1995-01-31 00:00:00",""
"1","1995-10-28 00:00:00","1995-09-28 00:00:00","1995-11-15 00:00:00","1996-07-15 00:00:00","1084.94666666667","4.46480109739369","243","243","1995-01-16 00:00:00","","","","","1995-03-02 00:00:00","93","363","0","1","","1995-01-31 00:00:00",""
"   684","2013-11-03 00:00:00","2013-09-24 00:00:00","","","","","0","0","","","","","","2018-01-01 00:00:00","4999","5279","0","60","Monta Libre","2013-01-27 00:00:00",""
"4804","1995-11-17 00:00:00","1995-10-18 00:00:00","","","0","0","","210","1995-02-05 00:00:00","","","","","1995-03-22 00:00:00","0","0","0","1","","1995-02-20 00:00:00",""
"2803","1995-11-27 00:00:00","1995-10-28 00:00:00","","","0","0","","210","","","","","","1995-04-01 00:00:00","48","318","0","1","","1995-03-02 00:00:00",""
"7512","1995-11-27 00:00:00","1995-10-28 00:00:00","1994-10-08 00:00:00","1995-06-14 00:00:00","965.15","3.87610441767068","249","249","","","","","","1995-04-01 00:00:00","152","422","0","1","","1995-03-02 00:00:00",""
"567","1995-12-27 00:00:00","1995-11-27 00:00:00","","","0","0","","210","","","","","","1995-05-01 00:00:00","318","588","0","1","","1995-04-01 00:00:00",""
"7509","1995-12-27 00:00:00","1995-11-27 00:00:00","1995-12-22 00:00:00","1996-08-15 00:00:00","1268.9","5.35400843881857","237","237","1995-03-17 00:00:00","","","","","1995-05-01 00:00:00","-262","8","0","1","","1995-04-01 00:00:00",""
"82","1996-01-26 00:00:00","1995-12-27 00:00:00","","","0","0","","210","","","","","","1995-05-31 00:00:00","104","374","0","1","","1995-05-01 00:00:00",""
"3817","1996-04-29 00:00:00","1996-03-30 00:00:00","","","0","0","","210","1995-07-19 00:00:00","","","","","1995-09-02 00:00:00","0","0","0","1","","1995-08-03 00:00:00",""
"3847","1996-04-29 00:00:00","1996-03-30 00:00:00","","","0","0","","210","1995-07-19 00:00:00","","","","","1995-09-02 00:00:00","0","0","0","1","","1995-08-03 00:00:00",""
"3853","1996-04-29 00:00:00","1996-03-30 00:00:00","","","0","0","","210","1995-07-19 00:00:00","","","","","1995-09-02 00:00:00","0","0","0","1","","1995-08-03 00:00:00",""
"58","1996-05-05 00:00:00","1996-04-05 00:00:00","1995-01-01 00:00:00","1995-09-20 00:00:00","900.558","3.43724427480916","262","262","1995-07-25 00:00:00","","","","","1995-09-08 00:00:00","220","490","0","1","","1995-08-09 00:00:00",""
"3844","1996-05-14 00:00:00","1996-04-14 00:00:00","","","0","0","","210","1995-08-03 00:00:00","","","","","1995-09-17 00:00:00","0","0","0","1","","1995-08-18 00:00:00",""
"6505","1996-05-20 00:00:00","1996-04-20 00:00:00","1995-06-14 00:00:00","1996-02-15 00:00:00","1125.4","4.57479674796748","246","246","1995-08-09 00:00:00","","","","","1995-09-23 00:00:00","74","344","0","1","","1995-08-24 00:00:00",""
"9566","1996-05-20 00:00:00","1996-04-20 00:00:00","1995-06-20 00:00:00","1996-02-15 00:00:00","1860.31616666667","7.75131736111111","240","240","1995-08-09 00:00:00","","","","","1995-09-23 00:00:00","403","673","0","1","","1995-08-24 00:00:00",""
"3831","1996-05-29 00:00:00","1996-04-29 00:00:00","","","0","0","","210","1995-08-18 00:00:00","","","","","1995-10-02 00:00:00","0","0","0","1","","1995-09-02 00:00:00",""
"3860","1996-05-29 00:00:00","1996-04-29 00:00:00","","","0","0","","210","1995-08-18 00:00:00","","","","","1995-10-02 00:00:00","0","0","0","1","","1995-09-02 00:00:00",""
"4831","1996-05-29 00:00:00","1996-04-29 00:00:00","","","0","0","","210","1995-08-18 00:00:00","","","","","1995-10-02 00:00:00","0","0","0","1","","1995-09-02 00:00:00",""
"3841","1996-06-13 00:00:00","1996-05-14 00:00:00","","","0","0","","210","1995-09-02 00:00:00","","","","","1995-10-17 00:00:00","0","0","0","1","","1995-09-17 00:00:00",""
"4805","1996-08-18 00:00:00","1996-07-19 00:00:00","1996-09-26 00:00:00","","0","0","6775","6775","1995-11-07 00:00:00","","","","","1995-12-22 00:00:00","-309","-39","0","1","","1995-11-22 00:00:00",""
"4817","1996-09-02 00:00:00","1996-08-03 00:00:00","","","0","0","","210","1995-11-22 00:00:00","","","","","1996-01-06 00:00:00","0","0","0","1","","1995-12-07 00:00:00",""
"536","1996-10-02 00:00:00","1996-09-02 00:00:00","1995-10-05 00:00:00","1996-06-17 00:00:00","1025.058","4.0041328125","256","256","1995-12-22 00:00:00","","","","","1996-02-05 00:00:00","86","356","0","1","","1996-01-06 00:00:00",""
"7015","1997-01-01 00:00:00","1996-12-02 00:00:00","1996-02-06 00:00:00","1996-11-15 00:00:00","2084.95","7.36731448763251","283","283","1996-03-22 00:00:00","","","","","1996-05-06 00:00:00","60","330","0","1","","1996-04-06 00:00:00",""
"157","1997-01-16 00:00:00","1996-12-17 00:00:00","1995-03-13 00:00:00","1996-09-30 00:00:00","802.4","1.41516754850088","567","567","1996-04-06 00:00:00","","","","","1996-05-21 00:00:00","88","358","0","1","","1996-04-21 00:00:00",""
"147","1997-01-31 00:00:00","1996-12-31 00:00:00","1996-01-11 00:00:00","1996-09-30 00:00:00","1550.6","5.8958174904943","263","263","1996-04-21 00:00:00","","","","","1996-06-04 00:00:00","117","388","0","1","","1996-05-05 00:00:00",""
"3849","1997-05-16 00:00:00","1997-04-16 00:00:00","1996-05-17 00:00:00","1996-09-30 00:00:00","735.4","5.40735294117647","136","136","1996-08-04 00:00:00","","","","","1996-09-18 00:00:00","94","364","0","1","","1996-08-19 00:00:00",""
"9518","1997-05-31 00:00:00","1997-05-01 00:00:00","1996-06-20 00:00:00","1996-04-22 00:00:00","2415.049","0","-59","-59","1996-08-19 00:00:00","E8079","MACHO","","","1996-10-03 00:00:00","75","345","0","1","","1996-09-03 00:00:00",""
"4868","1997-07-11 00:00:00","1997-05-31 00:00:00","","","0","0","","210","1996-09-29 00:00:00","","","","","1996-11-02 00:00:00","0","0","0","1","","1996-10-03 00:00:00",""
"4865","1997-12-03 00:00:00","1997-10-19 00:00:00","","","","","","210","1997-02-21 00:00:00","","","","","1997-03-23 00:00:00","-210","75","0","1","","1997-02-21 00:00:00",""
"3861","1999-05-02 00:00:00","1999-04-02 00:00:00","1999-05-06 00:00:00","","2413.841","0.414535634552636","5823","5823","","","","","","1998-12-18 00:00:00","776","1046","0","4.5","Monta Libre","1998-08-05 00:00:00",""
"4856","1997-12-03 00:00:00","1997-11-05 00:00:00","","","","","","210","1997-02-21 00:00:00","","","","","1997-04-09 00:00:00","0","0","0","1","","1997-03-10 00:00:00",""
"4855","1997-12-18 00:00:00","1997-11-20 00:00:00","","","","","","210","1997-03-08 00:00:00","","","","","1997-04-24 00:00:00","0","0","0","1","","1997-03-25 00:00:00",""
"4827","1997-12-20 00:00:00","1997-11-05 00:00:00","1997-07-24 00:00:00","","472.501833333333","0.0729845278550098","6474","6474","1997-03-10 00:00:00","","","","","1997-04-09 00:00:00","42","327","0","1","","1997-03-10 00:00:00",""
"2818","1997-12-20 00:00:00","1997-11-05 00:00:00","1997-11-21 00:00:00","1997-04-15 00:00:00","3828.2635","0","-220","-220","1997-03-10 00:00:00","","","","","1997-04-09 00:00:00","-245","40","0","1","","1997-03-10 00:00:00",""
"D8099","1998-01-02 00:00:00","1997-12-05 00:00:00","","","","","","210","1997-03-23 00:00:00","","","","","1997-05-09 00:00:00","0","0","0","1","","1997-04-09 00:00:00",""
"8555","1998-01-19 00:00:00","1997-12-05 00:00:00","1997-01-03 00:00:00","","1229.73283333333","0.184202042141003","6676","6676","1997-04-09 00:00:00","","","","","1997-05-09 00:00:00","96","381","0","1","","1997-04-09 00:00:00",""
"179","1998-01-19 00:00:00","1997-12-05 00:00:00","1997-01-09 00:00:00","","811.928","0.121728335832084","6670","6670","1997-04-09 00:00:00","","","","","1997-05-09 00:00:00","90","375","0","1","","1997-04-09 00:00:00",""
"196","1998-01-19 00:00:00","1997-12-05 00:00:00","1997-04-02 00:00:00","","722.7","0.109716107484439","6587","6587","1997-04-09 00:00:00","","","","","1997-05-09 00:00:00","7","292","0","1","","1997-04-09 00:00:00",""
"387","1998-02-03 00:00:00","1997-12-20 00:00:00","1996-10-15 00:00:00","","965.07","0.142846358792185","6756","6756","1997-04-24 00:00:00","","","","","1997-05-24 00:00:00","191","476","0","1","","1997-04-24 00:00:00",""
"7591","1998-02-03 00:00:00","1997-12-20 00:00:00","1996-12-03 00:00:00","","835.096166666666","0.124511132647483","6707","6707","1997-04-24 00:00:00","","","","","1997-05-24 00:00:00","142","427","0","1","","1997-04-24 00:00:00",""
"3857","1998-02-18 00:00:00","1998-01-04 00:00:00","1996-11-10 00:00:00","","0","0","6730","6730","1997-05-09 00:00:00","","","","","1997-06-08 00:00:00","0","0","0","1","","1997-05-09 00:00:00",""
"D8073","1998-03-03 00:00:00","1998-01-17 00:00:00","","","","","","210","1997-05-22 00:00:00","","","","","1997-06-21 00:00:00","0","0","0","1","","1997-05-22 00:00:00",""
"3864","1998-03-05 00:00:00","1998-01-19 00:00:00","1996-10-21 00:00:00","","926.588333333333","0.137272345679012","6750","6750","1997-05-24 00:00:00","","","","","1997-06-23 00:00:00","215","500","0","1","","1997-05-24 00:00:00",""
"1524","1998-03-05 00:00:00","1998-01-19 00:00:00","1997-01-15 00:00:00","","948.269166666667","0.142297293917567","6664","6664","1997-05-24 00:00:00","","","","","1997-06-23 00:00:00","129","414","0","1","","1997-05-24 00:00:00",""
"1592","1998-03-05 00:00:00","1998-01-19 00:00:00","1997-03-13 00:00:00","","1223.53733333333","0.185188032894405","6607","6607","1997-05-24 00:00:00","","","","","1997-06-23 00:00:00","72","357","0","1","","1997-05-24 00:00:00",""
"4823","1998-03-20 00:00:00","1998-02-03 00:00:00","1997-03-30 00:00:00","","620","0.0940819423368741","6590","6590","1997-06-08 00:00:00","","","","","1997-07-08 00:00:00","70","355","0","1","","1997-06-08 00:00:00",""
"16","1998-04-04 00:00:00","1998-02-18 00:00:00","1997-04-27 00:00:00","","975.4","0.148643706187138","6562","6562","1997-06-23 00:00:00","","","","","1997-07-23 00:00:00","57","342","0","1","","1997-06-23 00:00:00",""
"4873","1998-05-02 00:00:00","1998-03-18 00:00:00","","","","","","210","1997-07-21 00:00:00","","","","","1997-08-20 00:00:00","0","0","0","1","","1997-07-21 00:00:00",""
"4822","1998-05-04 00:00:00","1998-03-20 00:00:00","1997-03-04 00:00:00","","875.514166666667","0.132332854695687","6616","6616","1997-07-23 00:00:00","","","","","1997-08-22 00:00:00","141","426","0","1","","1997-07-23 00:00:00",""
"2864","1998-06-03 00:00:00","1998-04-19 00:00:00","1996-12-19 00:00:00","","1043.46433333333","0.155950430927116","6691","6691","1997-08-22 00:00:00","","","","","1997-09-21 00:00:00","246","531","0","1","","1997-08-22 00:00:00",""
"D8107","1998-06-08 00:00:00","1998-04-24 00:00:00","1998-07-16 00:00:00","","1295.08266666667","0.211718598441502","6117","6117","1997-08-27 00:00:00","","","","","1997-09-26 00:00:00","0","0","0","1","","1997-08-27 00:00:00",""
"D6002","1998-06-23 00:00:00","1998-05-09 00:00:00","","","","","","210","1997-09-11 00:00:00","","","","","1997-10-11 00:00:00","0","0","0","1","Monta Libre","1997-09-11 00:00:00",""
"4849","1998-07-08 00:00:00","1998-05-24 00:00:00","1997-08-12 00:00:00","","449.4","0.0696204492641363","6455","6455","1997-09-26 00:00:00","","","","","1997-10-26 00:00:00","54","339","0","1","","1997-09-26 00:00:00",""
"8574","1998-07-23 00:00:00","1998-06-08 00:00:00","1997-08-12 00:00:00","","1183.4","0.183330751355538","6455","6455","1997-10-11 00:00:00","","","","","1997-11-10 00:00:00","74","359","0","1","","1997-10-11 00:00:00",""
"D8118","1998-08-22 00:00:00","1998-07-08 00:00:00","","","","","","210","1997-11-10 00:00:00","","","","","1997-12-10 00:00:00","0","0","0","1","","1997-11-10 00:00:00",""
"D8155","1998-09-06 00:00:00","1998-07-23 00:00:00","","","","","","210","1997-11-25 00:00:00","","","","","1997-12-25 00:00:00","0","0","0","1","","1997-11-25 00:00:00",""
"2837","1999-05-02 00:00:00","1999-04-02 00:00:00","","","","","0","0","","","","","","1998-12-18 00:00:00","436","706","0","4.5","Monta Libre","1998-08-05 00:00:00",""
"579","1998-09-06 00:00:00","1998-07-23 00:00:00","1997-08-16 00:00:00","","894.3","0.138629669818633","6451","6451","1997-11-25 00:00:00","","","","","1997-12-25 00:00:00","105","390","0","1","","1997-11-25 00:00:00",""
"559","1998-09-06 00:00:00","1998-07-23 00:00:00","1997-10-22 00:00:00","","1119.91383333333","0.175425099206349","6384","6384","1997-11-25 00:00:00","","","","","1997-12-25 00:00:00","41","326","0","1","","1997-11-25 00:00:00",""
"224","1998-09-21 00:00:00","1998-08-07 00:00:00","1997-07-24 00:00:00","","2831.01116666667","0.437289336834518","6474","6474","1997-12-10 00:00:00","G8142","HEMBRA","","","1998-01-09 00:00:00","-281","4","0","1","","1997-12-10 00:00:00",""
"76301","1998-09-21 00:00:00","1998-08-07 00:00:00","1997-08-16 00:00:00","","1049.5","0.162687955355759","6451","6451","1997-12-10 00:00:00","","","","","1998-01-09 00:00:00","120","405","0","1","","1997-12-10 00:00:00",""
"3846","1998-10-06 00:00:00","1998-08-22 00:00:00","1997-09-23 00:00:00","","1324.35066666667","0.206510317584074","6413","6413","1997-12-25 00:00:00","","","","","1998-01-24 00:00:00","104","389","0","1","","1997-12-25 00:00:00",""
"4830","1998-10-21 00:00:00","1998-09-06 00:00:00","1998-11-07 00:00:00","","1075.01","0.179078793936365","6003","6003","1998-01-09 00:00:00","","","","","1998-02-08 00:00:00","78","363","0","1","","1998-01-09 00:00:00",""
"4854","1998-11-05 00:00:00","1998-09-21 00:00:00","1997-10-22 00:00:00","","431","0.0675125313283208","6384","6384","1998-01-24 00:00:00","","","","","1998-02-23 00:00:00","117","402","0","1","","1998-01-24 00:00:00",""
"7635","","1999-05-27 00:00:00","1998-09-29 00:00:00","","3.1","0.000513075140681893","6042","6042","","","","","","","0","0","0","0","","",""
"6511","","1999-05-27 00:00:00","1998-09-29 00:00:00","","1082.122","0.179099966898378","6042","6042","","","","","","","0","0","0","0","","",""
"D8068","","1999-05-27 00:00:00","1998-09-29 00:00:00","","2.7","0.000446871896722939","6042","6042","","","","","","","0","0","0","0","","",""
"D8148","","1999-05-27 00:00:00","1998-09-29 00:00:00","","419.18","0.0693776895067858","6042","6042","","","","","","","0","0","0","0","","",""
"505","","1999-05-27 00:00:00","1998-09-29 00:00:00","","799.236","0.132280039721946","6042","6042","","","","","","","0","0","0","0","","",""
"6512","1998-11-05 00:00:00","1998-09-21 00:00:00","1997-11-21 00:00:00","","908.912166666667","0.143045666771587","6354","6354","1998-01-24 00:00:00","","","","","1998-02-23 00:00:00","81","366","0","1","","1998-01-24 00:00:00",""
"4861","1998-11-20 00:00:00","1998-10-06 00:00:00","1997-09-26 00:00:00","","895.1745","0.139652808112325","6410","6410","1998-02-08 00:00:00","","","","","1998-03-10 00:00:00","150","435","0","1","","1998-02-08 00:00:00",""
"1527","1998-12-26 00:00:00","1998-11-11 00:00:00","1998-01-03 00:00:00","","646.7105","0.102473538266519","6311","6311","1998-03-16 00:00:00","","","","","1998-04-15 00:00:00","93","378","0","1","","1998-03-16 00:00:00",""
"81","1999-03-18 00:00:00","1999-02-01 00:00:00","1998-01-15 00:00:00","","366.5","0.0581838387045563","6299","6299","1998-06-06 00:00:00","","","","","1998-07-06 00:00:00","167","452","0","1","","1998-06-06 00:00:00",""
"1539","1999-04-02 00:00:00","1999-03-03 00:00:00","1998-05-14 00:00:00","","5.2","0.000841423948220065","6180","6180","","","","","","1998-12-18 00:00:00","81","351","0","5.5","Monta Libre","1998-07-06 00:00:00",""
"D8058","1999-05-02 00:00:00","1999-04-02 00:00:00","1998-05-14 00:00:00","","766.2","0.123980582524272","6180","6180","","","","","","1998-12-18 00:00:00","178","448","0","4.5","Monta Libre","1998-08-05 00:00:00",""
"D8038","1999-05-17 00:00:00","1999-04-17 00:00:00","1998-05-14 00:00:00","","4.5","0.000728155339805825","6180","6180","","","","","","1998-12-18 00:00:00","204","474","0","4","Monta Libre","1998-08-20 00:00:00",""
"D8046","","1999-05-27 00:00:00","1998-09-29 00:00:00","","4","0.00066203243958954","6042","6042","","","","","","","0","0","0","0","","",""
"7013","","1999-05-27 00:00:00","1998-09-29 00:00:00","","1102.864","0.18253293611387","6042","6042","","","","","","","0","0","0","0","","",""
"4870","","1999-05-27 00:00:00","1998-09-29 00:00:00","","595.478","0.098556438265475","6042","6042","","","","","","","0","0","0","0","","",""
"D8086","","1999-05-27 00:00:00","1998-09-29 00:00:00","","1.2","0.000198609731876862","6042","6042","","","","","","","0","0","0","0","","",""
"589","","1999-05-27 00:00:00","1998-09-29 00:00:00","","6.2","0.00102615028136379","6042","6042","","","","","","","0","0","0","0","","",""
"204","1999-06-01 00:00:00","1999-05-02 00:00:00","1998-08-25 00:00:00","1999-04-08 00:00:00","780.089666666667","3.45172418879056","226","226","","","","","","1998-12-18 00:00:00","17","287","0","3.5","Monta Libre","1998-09-04 00:00:00",""
"2826","1999-04-02 00:00:00","1999-03-03 00:00:00","1998-07-16 00:00:00","1999-03-13 00:00:00","792.8755","3.30364791666667","240","240","","","","","","1998-12-18 00:00:00","21","291","0","5.5","Monta Libre","1998-07-06 00:00:00",""
"2844","1999-04-02 00:00:00","1999-03-03 00:00:00","","","","","0","0","","","","","","1998-12-18 00:00:00","49","319","0","5.5","Monta Libre","1998-07-06 00:00:00",""
"2845","1999-07-31 00:00:00","1999-07-01 00:00:00","1998-07-16 00:00:00","","890.237333333333","0.14553495722304","6117","6117","","","","","","1998-12-18 00:00:00","111","381","0","1.5","Monta Libre","1998-11-03 00:00:00",""
"2861","1999-04-17 00:00:00","1999-03-18 00:00:00","1998-08-25 00:00:00","","502.593333333333","0.0827041851790905","6077","6077","","","","","","1998-12-18 00:00:00","-7","263","0","5","Monta Libre","1998-07-21 00:00:00",""
"4846","1999-04-02 00:00:00","1999-03-03 00:00:00","1998-11-07 00:00:00","","2644.5235","0.440533649841746","6003","6003","","","","","","1998-12-18 00:00:00","415","685","0","5.5","Monta Libre","1998-07-06 00:00:00",""
"4853","1999-05-02 00:00:00","1999-04-02 00:00:00","1998-09-29 00:00:00","","270.05","0.0446954650777888","6042","6042","","","","","","1998-12-18 00:00:00","0","270","0","4.5","Monta Libre","1998-08-05 00:00:00",""
"4869","1999-07-01 00:00:00","1999-06-01 00:00:00","","","","","0","0","","","","","","1998-12-18 00:00:00","68","338","0","2.5","Monta Libre","1998-10-04 00:00:00",""
"558","1999-07-16 00:00:00","1999-06-16 00:00:00","1998-09-29 00:00:00","","872.76","0.144448857994042","6042","6042","","","","","","1998-12-18 00:00:00","40","310","0","2","Monta Libre","1998-10-19 00:00:00",""
"8536","1999-07-31 00:00:00","1999-07-01 00:00:00","1998-09-29 00:00:00","1999-04-07 00:00:00","556.814","2.9306","190","190","","","","","","1998-12-18 00:00:00","77","347","0","1.5","Monta Libre","1998-11-03 00:00:00",""
"8562","1999-07-01 00:00:00","1999-06-01 00:00:00","1998-08-25 00:00:00","","677.9325","0.111557100543031","6077","6077","","","","","","1998-12-18 00:00:00","60","330","0","2.5","Monta Libre","1998-10-04 00:00:00",""
"D8040","1999-05-02 00:00:00","1999-04-02 00:00:00","1998-08-25 00:00:00","","468.424","0.0770814546651308","6077","6077","","","","","","1998-12-18 00:00:00","5","275","0","4.5","Monta Libre","1998-08-05 00:00:00",""
"D8059","1999-03-03 00:00:00","1999-02-01 00:00:00","","","","","0","0","","","","","","1998-12-18 00:00:00","-52","218","0","6.5","Monta Libre","1998-06-06 00:00:00",""
"D8083","1999-06-01 00:00:00","1999-05-02 00:00:00","1998-09-29 00:00:00","","3.9","0.000645481628599801","6042","6042","","","","","","1998-12-18 00:00:00","17","287","0","3.5","Monta Libre","1998-09-04 00:00:00",""
"D8089","1999-08-15 00:00:00","1999-07-16 00:00:00","","","","","0","0","","","","","","1998-12-18 00:00:00","0","0","0","1","Monta Libre","1998-11-18 00:00:00",""
"4835","1999-05-02 00:00:00","1999-04-02 00:00:00","1998-08-25 00:00:00","","688.8325","0.1133507487247","6077","6077","","","","","","1998-12-18 00:00:00","8","278","0","4.5","Monta Libre","1998-08-05 00:00:00",""
"9557","","1999-07-05 00:00:00","1998-11-07 00:00:00","","1360.2955","0.226602615358987","6003","6003","","","","","","","0","0","0","0","","",""
"D0141","","1999-07-05 00:00:00","1998-11-07 00:00:00","","2","0.000333166749958354","6003","6003","","","","","","","0","0","0","0","","",""
"7014","","1999-07-05 00:00:00","1998-11-07 00:00:00","","1040.725","0.173367482925204","6003","6003","","","","","","","0","0","0","0","","",""
"581","","1999-07-05 00:00:00","1998-11-07 00:00:00","","1292.6185","0.215328752290521","6003","6003","","","","","","","0","0","0","0","","",""
"586","","1999-07-05 00:00:00","1998-11-07 00:00:00","","953.3405","0.158810677994336","6003","6003","","","","","","","0","0","0","0","","",""
"9546","","1999-07-05 00:00:00","1998-11-07 00:00:00","","1049.91","0.174897551224388","6003","6003","","","","","","","0","0","0","0","","",""
"8516","","1999-07-05 00:00:00","1998-11-07 00:00:00","","827.056","0.137773779776778","6003","6003","","","","","","","0","0","0","0","","",""
"529","","1999-07-05 00:00:00","1998-11-07 00:00:00","","2874.26066666667","0.478804042423233","6003","6003","","","","","","","0","0","0","0","","",""
"4864","","1999-07-19 00:00:00","1998-11-21 00:00:00","","296.593833333333","0.0495230979017087","5989","5989","","","","","","","0","0","0","0","","",""
"012","","2000-11-11 00:00:00","2000-06-15 00:00:00","","282.51","0.0523069801888539","5401","5401","","","","","","","722","997","","","","",""
"D8007","2000-09-21 00:00:00","2000-08-17 00:00:00","","","","","0","0","","","","","","2000-05-19 00:00:00","280","555","0","5","Monta Libre","1999-12-21 00:00:00",""
"537","2000-01-15 00:00:00","1999-12-16 00:00:00","1998-12-14 00:00:00","2003-01-26 00:00:00","-7825.962","-5.20343218085106","1504","1504","1999-04-20 00:00:00","","","  INDEFINIDO","","1999-04-20 00:00:00","0","0","0","0","Inseminación Artificial","1999-04-20 00:00:00",""
"D8087","","1999-07-19 00:00:00","1998-11-21 00:00:00","","818.093166666667","0.13659929314855","5989","5989","","","","","","","0","0","0","0","","",""
"4836","","1999-07-19 00:00:00","1998-11-21 00:00:00","","956.390833333333","0.159691239494629","5989","5989","","","","","","","0","0","0","0","","",""
"D8133","","1999-08-02 00:00:00","1998-12-05 00:00:00","","516.254166666667","0.0864023709902371","5975","5975","","","","","","","0","0","0","0","","",""
"D8110","","1999-08-02 00:00:00","1998-12-05 00:00:00","","791.316666666667","0.132437935843794","5975","5975","","","","","","","0","0","0","0","","",""
"D8145","","1999-08-02 00:00:00","1998-12-05 00:00:00","","508.8625","0.0851652719665272","5975","5975","","","","","","","0","0","0","0","","",""
"D8112","","1999-08-02 00:00:00","1998-12-05 00:00:00","","534.683333333333","0.089486750348675","5975","5975","","","","","","","0","0","0","0","","",""
"D80990","","1999-08-02 00:00:00","1998-12-05 00:00:00","","581.5375","0.0973284518828452","5975","5975","","","","","","","0","0","0","0","","",""
"D8048","","1999-08-12 00:00:00","1998-12-15 00:00:00","","390.9","0.0655322715842414","5965","5965","","","","","","","0","0","0","0","","",""
"D8131","","1999-08-02 00:00:00","1998-12-05 00:00:00","","570.054166666667","0.0954065550906555","5975","5975","","","","","","","0","0","0","0","","",""
"D8132","","1999-08-12 00:00:00","1998-12-15 00:00:00","","475.2","0.0796647108130763","5965","5965","","","","","","","0","0","0","0","","",""
"549","","1999-08-28 00:00:00","1998-12-31 00:00:00","","927.9","0.155975794251135","5949","5949","","","","","","","0","0","0","0","","",""
"9586","","1999-08-28 00:00:00","1998-12-31 00:00:00","","383.2","0.0644141872583627","5949","5949","","","","","","","0","0","0","0","","",""
"E8037","","1999-08-28 00:00:00","1998-12-31 00:00:00","","579.8","0.0974617582787023","5949","5949","","","","","","","0","0","0","0","","",""
"   134","2001-04-05 00:00:00","2001-03-01 00:00:00","1999-06-28 00:00:00","2000-09-28 00:00:00","2","0.00436681222707424","458","458","","","","","","2000-08-03 00:00:00","376","651","0","1","Monta Libre","2000-07-04 00:00:00",""
"   135","2000-04-01 00:00:00","1999-12-01 00:00:00","1999-05-05 00:00:00","","1108.4","0.190315934065934","5824","5824","1999-06-21 00:00:00","","","","","1999-07-21 00:00:00","53","338","0","1","Monta Libre","1999-06-21 00:00:00",""
"1557","2000-05-06 00:00:00","2000-04-01 00:00:00","","","","","0","0","","","","","","1999-10-04 00:00:00","172","447","0","2","Temporada de Monta","1999-08-05 00:00:00","  S-38"
"    16","","","2012-01-01 00:00:00","","-2226.30533333333","-1.83235006858711","1215","1215","","","","","","","0","0","0","0","","",""
"008","1999-03-09 00:00:00","1999-02-07 00:00:00","","","","","0","0","","","","","","1998-10-10 00:00:00","95","365","0","4","Temporada de Monta","1998-06-12 00:00:00",""
"009","1998-03-13 00:00:00","1998-01-27 00:00:00","","","","","","210","1997-06-01 00:00:00","8061","HEMBRA","","","1997-07-01 00:00:00","-288","-3","0","1","","1997-06-01 00:00:00",""
"012G","1999-03-14 00:00:00","1999-02-12 00:00:00","","","","","0","0","","","","","","1998-10-15 00:00:00","0","0","0","4","Temporada de Monta","1998-06-17 00:00:00",""
"013","1999-04-13 00:00:00","1999-03-14 00:00:00","","","","","0","0","","","","","","1998-10-15 00:00:00","0","0","0","3","Temporada de Monta","1998-07-17 00:00:00",""
"014G","1998-04-13 00:00:00","1998-02-27 00:00:00","","","","","","210","1997-07-02 00:00:00","","","","","1997-08-01 00:00:00","0","0","0","1","Monta Libre","1997-07-02 00:00:00",""
"015","1999-02-12 00:00:00","1999-01-13 00:00:00","","","","","0","0","","","","","","1998-10-15 00:00:00","33","303","0","5","Temporada de Monta","1998-05-18 00:00:00",""
"017","1998-03-15 00:00:00","1998-01-29 00:00:00","","","","","","210","1997-06-03 00:00:00","","","","","1997-07-03 00:00:00","0","0","0","1","Monta Libre","1997-06-03 00:00:00",""
"017SA","1998-04-13 00:00:00","1998-02-27 00:00:00","","","","","","210","1997-07-02 00:00:00","","","","","1997-08-01 00:00:00","0","0","0","1","Monta Libre","1997-07-02 00:00:00",""
"019","1999-03-29 00:00:00","1999-02-27 00:00:00","","","","","0","0","","","","","","1998-10-15 00:00:00","0","0","0","3.5","Temporada de Monta","1998-07-02 00:00:00",""
"019G","1999-03-14 00:00:00","1999-02-12 00:00:00","","","","","0","0","","","","","","1998-10-15 00:00:00","0","0","0","4","Temporada de Monta","1998-06-17 00:00:00",""
"020","1999-03-14 00:00:00","1999-02-12 00:00:00","","","","","0","0","","","","","","1998-10-15 00:00:00","0","0","0","4","Temporada de Monta","1998-06-17 00:00:00",""
"022","1998-04-13 00:00:00","1998-02-27 00:00:00","","","","","","210","1997-07-02 00:00:00","","","","","1997-08-01 00:00:00","0","0","0","1","","1997-07-02 00:00:00",""
"2260","2015-02-06 00:00:00","2014-12-28 00:00:00","","","","","0","0","","","","","","2014-11-28 00:00:00","0","0","0","7","Monta Libre","2014-05-02 00:00:00",""
"007","2016-08-19 00:00:00","2016-07-10 00:00:00","","","","","0","0","","","","","","2018-05-01 00:00:00","4578","4858","0","30","Temporada de Monta","2015-11-13 00:00:00",""
"015G","2016-08-19 00:00:00","2016-07-10 00:00:00","","","","","0","0","","","","","","2018-05-01 00:00:00","0","0","0","30","Temporada de Monta","2015-11-13 00:00:00",""
"026","1999-03-19 00:00:00","1999-02-17 00:00:00","","","","","0","0","","","","","","1998-10-20 00:00:00","0","0","0","4","Temporada de Monta","1998-06-22 00:00:00",""
"027","1998-04-03 00:00:00","1998-02-17 00:00:00","","","","","","210","1997-06-22 00:00:00","","","","","1997-07-22 00:00:00","0","0","0","1","Monta Libre","1997-06-22 00:00:00",""
"028","1999-03-14 00:00:00","1999-02-12 00:00:00","","","","","0","0","","","","","","1998-10-15 00:00:00","0","0","0","4","Temporada de Monta","1998-06-17 00:00:00",""
"008G","2000-06-06 00:00:00","2000-05-02 00:00:00","","","","","0","0","","","","","","2000-02-02 00:00:00","527","802","0","5","Monta Libre","1999-09-05 00:00:00",""
"011SA","2000-07-06 00:00:00","2000-06-01 00:00:00","","","","","0","0","","","","","","2000-02-02 00:00:00","0","0","0","4","Monta Libre","1999-10-05 00:00:00",""
"   211","2000-01-03 00:00:00","1999-02-25 00:00:00","1999-12-07 00:00:00","1999-09-14 00:00:00","3577.736","0","-84","-84","1999-03-24 00:00:00","","","","","1999-04-23 00:00:00","238","523","0","1","","1999-03-24 00:00:00","  S-38"
"   609","","2000-05-11 00:00:00","1999-07-16 00:00:00","","1039","0.180632823365786","5752","5752","","","","","","","0","0","0","1","","",""
"   614","2000-01-15 00:00:00","1999-03-23 00:00:00","1998-08-25 00:00:00","","2062.99833333333","0.339476441226482","6077","6077","1999-04-05 00:00:00","","","","","1999-05-05 00:00:00","226","511","0","1","","1999-04-05 00:00:00",""
"   616","2000-07-20 00:00:00","2000-05-06 00:00:00","1999-06-10 00:00:00","2000-09-28 00:00:00","4470.65","9.39212184873949","476","476","1999-10-09 00:00:00","","","MH1473","","1999-11-08 00:00:00","125","410","0","1","","1999-10-09 00:00:00",""
"          01","","2001-04-04 00:00:00","2000-08-07 00:00:00","","1","0.000186428038777032","5364","5364","","","","","","","0","0","0","0","","",""
"   621","","2000-06-23 00:00:00","1999-08-28 00:00:00","","2419.6125","0.42382422490804","5709","5709","","","","","","","0","0","0","1","","",""
"   668","","2000-02-29 00:00:00","1999-05-05 00:00:00","","-86444.6343333333","-14.8428286973443","5824","5824","","","","","","","0","0","0","1","","",""
"670","2012-10-10 00:00:00","2012-08-31 00:00:00","","","","","0","0","","","","","","2012-08-01 00:00:00","4782","5062","0","7","Monta Libre","2012-01-04 00:00:00",""
"4780","2016-12-20 00:00:00","2016-11-10 00:00:00","","","","","","","","","","","","2018-09-01 00:00:00","0","0","0","30","Monta Libre","2016-03-15 00:00:00",""
"4781","2016-02-24 00:00:00","2016-01-15 00:00:00","","","","","","","","","","","","2018-09-01 00:00:00","0","0","0","40","Monta Libre","2015-05-20 00:00:00",""
"   710","","2000-08-14 00:00:00","1999-10-19 00:00:00","","635.3","0.112303340993459","5657","5657","","","","","","","0","0","0","1","","",""
"   722","","2000-07-13 00:00:00","1999-09-17 00:00:00","","431.4","0.0758305501845667","5689","5689","","","","","","","0","0","0","1","","",""
"   731","","2000-04-13 00:00:00","1999-06-18 00:00:00","","1265.9505","6.91776229508197","183","183","","","","","","","0","0","0","1","","",""
"   735","","2000-05-08 00:00:00","1999-07-13 00:00:00","","1098.64966666667","0.190903504199247","5755","5755","","","","","","","0","0","0","1","","",""
"   747","1999-08-23 00:00:00","1999-06-09 00:00:00","1999-08-23 00:00:00","1999-01-22 00:00:00","2616.997","0","-213","-213","1998-11-11 00:00:00","  0539","MACHO","    15VHN086","SAUL MONTOYA","1998-12-11 00:00:00","-279","6","0","1","","1998-11-11 00:00:00",""
"   749","1999-10-25 00:00:00","1999-08-11 00:00:00","1998-09-14 00:00:00","1999-07-30 00:00:00","1761.908","5.52322257053291","319","319","1999-01-13 00:00:00","","","","","1999-02-12 00:00:00","120","405","0","1","","1999-01-13 00:00:00","  S-38"
"   787","2000-09-07 00:00:00","2000-07-29 00:00:00","1999-08-17 00:00:00","","1245.2615","0.217703059440559","5720","5720","","","","     14B0190","SAUL MONTOYA","2018-05-01 00:00:00","112","392","0","6725","Inseminación Artificial","1999-12-02 00:00:00",""
"   900","","2000-04-10 00:00:00","1999-06-15 00:00:00","","1033.09166666667","0.178642861260015","5783","5783","","","","","","","0","0","0","1","","",""
"   956","","2000-04-10 00:00:00","1999-06-15 00:00:00","","1278.4","0.221061732664707","5783","5783","","","","","","","0","0","0","1","","",""
"   963","","2000-07-13 00:00:00","1999-09-17 00:00:00","","532.133333333333","0.0935372356008672","5689","5689","","","","","","","0","0","0","1","","",""
"6210","2000-04-12 00:00:00","","","","","","0","0","","","","3054","","2000-05-24 00:00:00","0","0","0","317","Inseminación Artificial","1999-07-12 00:00:00",""
"6220","2010-03-16 00:00:00","2010-02-04 00:00:00","","","","","0","0","","","","","","2009-10-07 00:00:00","1208","1488","0","4","Temporada de Monta","2009-06-09 00:00:00","205"
"7021","2012-10-10 00:00:00","2012-08-31 00:00:00","","","","","0","0","","","","","","2012-08-01 00:00:00","0","0","0","7","Monta Libre","2012-01-04 00:00:00",""
"7211","2012-10-10 00:00:00","2012-08-31 00:00:00","","","","","0","0","","","","","","2012-08-01 00:00:00","0","0","0","7","Monta Libre","2012-01-04 00:00:00",""
"4783","2016-12-20 00:00:00","2016-11-10 00:00:00","","","","","","","","","","","","2018-09-01 00:00:00","0","0","0","30","Monta Libre","2016-03-15 00:00:00",""
"4785","2016-12-20 00:00:00","2016-11-10 00:00:00","","","","","","","","","","","","2018-09-01 00:00:00","0","0","0","30","Monta Libre","2016-03-15 00:00:00",""
"4786","2016-12-20 00:00:00","2016-11-10 00:00:00","","","","","","","","","","","","2018-09-01 00:00:00","0","0","0","30","Monta Libre","2016-03-15 00:00:00",""
"4787","2016-12-20 00:00:00","2016-11-10 00:00:00","","","","","","","","","","","","2018-09-01 00:00:00","0","0","0","30","Monta Libre","2016-03-15 00:00:00",""
"4782","2016-12-20 00:00:00","2016-11-10 00:00:00","","","","","","","","","","","","2018-09-01 00:00:00","0","0","0","30","Monta Libre","2016-03-15 00:00:00",""
"4892","2016-06-19 00:00:00","2016-05-10 00:00:00","","","","","","","","","","","","2018-03-01 00:00:00","0","0","0","30","Monta Libre","2015-09-13 00:00:00",""
"4893B","2016-06-19 00:00:00","2016-05-10 00:00:00","","","","","","","","","","","","2018-03-01 00:00:00","0","0","0","30","Monta Libre","2015-09-13 00:00:00",""
"4894","2016-06-19 00:00:00","2016-05-10 00:00:00","","","","","","","","","","","","2018-03-01 00:00:00","0","0","0","30","Monta Libre","2015-09-13 00:00:00",""
"4895","2016-06-19 00:00:00","2016-05-10 00:00:00","","","","","","","","","","","","2018-03-01 00:00:00","0","0","0","30","Monta Libre","2015-09-13 00:00:00",""
"4897","2016-06-19 00:00:00","2016-05-10 00:00:00","","","","","","","","","","","","2018-03-01 00:00:00","0","0","0","30","Monta Libre","2015-09-13 00:00:00",""
"4898","2016-06-19 00:00:00","2016-05-10 00:00:00","","","","","","","","","","","","2018-03-01 00:00:00","0","0","0","30","Monta Libre","2015-09-13 00:00:00",""
"4898B","2016-06-19 00:00:00","2016-05-10 00:00:00","","","","","","","","","","","","2018-03-01 00:00:00","0","0","0","30","Monta Libre","2015-09-13 00:00:00",""
"4899","2016-06-19 00:00:00","2016-05-10 00:00:00","","","","","","","","","","","","2018-03-01 00:00:00","0","0","0","30","Monta Libre","2015-09-13 00:00:00",""
"4900","2016-06-19 00:00:00","2016-05-10 00:00:00","","","","","","","","","","","","2018-03-01 00:00:00","0","0","0","30","Monta Libre","2015-09-13 00:00:00",""
"4891","2016-06-19 00:00:00","2016-05-10 00:00:00","","","","","","","","","","","","2018-03-01 00:00:00","0","0","0","30","Monta Libre","2015-09-13 00:00:00",""
"5003","2016-08-19 00:00:00","2016-07-10 00:00:00","","","","","","","","","","","","2018-05-01 00:00:00","0","0","0","30","Monta Libre","2015-11-13 00:00:00",""
"5000","2016-08-19 00:00:00","2016-07-10 00:00:00","","","","","","","","","","","","2018-05-01 00:00:00","0","0","0","30","Monta Libre","2015-11-13 00:00:00",""
"5001","2016-08-19 00:00:00","2016-07-10 00:00:00","","","","","","","","","","","","2018-05-01 00:00:00","0","0","0","30","Monta Libre","2015-11-13 00:00:00",""
"5005","2016-08-19 00:00:00","2016-07-10 00:00:00","","","","","","","","","","","","2018-05-01 00:00:00","0","0","0","30","Monta Libre","2015-11-13 00:00:00",""
"5006","2016-08-19 00:00:00","2016-07-10 00:00:00","","","","","","","","","","","","2018-05-01 00:00:00","0","0","0","30","Monta Libre","2015-11-13 00:00:00",""
"5007","2016-08-19 00:00:00","2016-07-10 00:00:00","","","","","","","","","","","","2018-05-01 00:00:00","0","0","0","30","Monta Libre","2015-11-13 00:00:00",""
"5008","2016-08-19 00:00:00","2016-07-10 00:00:00","","","","","","","","","","","","2018-05-01 00:00:00","0","0","0","30","Monta Libre","2015-11-13 00:00:00",""
"6000B","2019-03-08 00:00:00","2019-01-27 00:00:00","","","","","","","","","","","","2018-07-01 00:00:00","0","0","0","1","Monta Libre","2018-06-01 00:00:00",""
"6001","2019-03-08 00:00:00","2019-01-27 00:00:00","","","","","","","","","","","","2018-07-01 00:00:00","0","0","0","1","Monta Libre","2018-06-01 00:00:00",""
"6002","2019-03-08 00:00:00","2019-01-27 00:00:00","","","","","","","","","","","","2018-07-01 00:00:00","0","0","0","1","Monta Libre","2018-06-01 00:00:00",""
"6005","2019-03-08 00:00:00","2019-01-27 00:00:00","","","","","","","","","","","","2018-07-01 00:00:00","0","0","0","1","Monta Libre","2018-06-01 00:00:00",""
"6006B","2019-03-08 00:00:00","2019-01-27 00:00:00","","","","","","","","","","","","2018-07-01 00:00:00","0","0","0","1","Monta Libre","2018-06-01 00:00:00",""
"6007","2019-03-08 00:00:00","2019-01-27 00:00:00","","","","","","","","","","","","2018-07-01 00:00:00","0","0","0","1","Monta Libre","2018-06-01 00:00:00",""
"011b","2018-04-11 00:00:00","2018-03-02 00:00:00","","","","","","","","","","","","2018-01-01 00:00:00","0","0","0","6","","2017-07-05 00:00:00",""
"00/2","2018-02-20 00:00:00","2018-01-11 00:00:00","","","","","","","","","","22222","JUAN PEREZ","2018-12-10 00:00:00","941","1221","0","573","Inseminación Artificial","2017-05-16 00:00:00",""
